title,workshop_id,packageId,collection_core,collection_content,collection_cosmetics,category,steam_url
(unavailable 2164584341),2164584341,murmur.bodypartsrot,1,0,0,"Medical, needs & hygiene",https://steamcommunity.com/sharedfiles/filedetails/?id=2164584341
(unavailable 2768240773),2768240773,mosi.stubblyfacialhair,0,0,1,"Hair, bodies & animations",https://steamcommunity.com/sharedfiles/filedetails/?id=2768240773
(unavailable 2792624577),2792624577,mosi.vfec.doubletents,0,1,0,"Furniture, decor & props",https://steamcommunity.com/sharedfiles/filedetails/?id=2792624577
(unavailable 2920418046),2920418046,azami.alphaanimalsretexture,0,1,0,Textures & retextures,https://steamcommunity.com/sharedfiles/filedetails/?id=2920418046
(unavailable 3015087560),3015087560,kupie.vfeallvehiclesrenamable,1,0,0,"Vehicles, gravships & mechs",https://steamcommunity.com/sharedfiles/filedetails/?id=3015087560
(unavailable 3226502149),3226502149,calltradeships.cavenaugh.rw,1,0,0,"World, biomes, factions & travel",https://steamcommunity.com/sharedfiles/filedetails/?id=3226502149
(unavailable 3309016770),3309016770,guppyfacesarecute.bettervomit,1,0,0,"Medical, needs & hygiene",https://steamcommunity.com/sharedfiles/filedetails/?id=3309016770
(unavailable 3626568203),3626568203,jintuzilamian.hairstyle.afuwomenshairstyles,0,0,1,"Hair, bodies & animations",https://steamcommunity.com/sharedfiles/filedetails/?id=3626568203
(unavailable 3626568306),3626568306,jintuzilamian.hairstyle.afumenshairstyles,0,0,1,"Hair, bodies & animations",https://steamcommunity.com/sharedfiles/filedetails/?id=3626568306
(unavailable 3628433732),3628433732,xubisca.mightylivertweak,0,1,0,"Genes, xenotypes & races",https://steamcommunity.com/sharedfiles/filedetails/?id=3628433732
(unavailable 3680510302),3680510302,,1,0,0,"Medical, needs & hygiene",https://steamcommunity.com/sharedfiles/filedetails/?id=3680510302
(unavailable 3712465624),3712465624,,0,1,0,Gameplay tweaks,https://steamcommunity.com/sharedfiles/filedetails/?id=3712465624
(unavailable 3775906812),3775906812,guppyfacesarecute.skunks,0,1,0,Animals,https://steamcommunity.com/sharedfiles/filedetails/?id=3775906812
(unavailable 3778487830),3778487830,guppyfacesarecute.starfix,1,0,0,Gameplay tweaks,https://steamcommunity.com/sharedfiles/filedetails/?id=3778487830
1trickPwnyta's Anomaly Patch,3242000764,anomalypatch.1trickpwnyta,1,0,0,Patches & compatibility,https://steamcommunity.com/sharedfiles/filedetails/?id=3242000764
1trickPwnyta's Odyssey Patch,3578444636,odysseypatch.1trickpwnyta,1,0,0,Patches & compatibility,https://steamcommunity.com/sharedfiles/filedetails/?id=3578444636
[1.5-1.6] Custom Xenotype Exporter Tool,3254345251,gege.customxenotypeexportertoolreupload,1,0,0,Performance & tools,https://steamcommunity.com/sharedfiles/filedetails/?id=3254345251
[1.6] CAI 5000 - Advanced AI + Fog Of War (continued),3673768803,Krkr.rule56,1,0,0,"Combat, weapons & raids",https://steamcommunity.com/sharedfiles/filedetails/?id=3673768803
[1001] Unofficial Vanilla Outposts Expanded Expanded: Trading (Continued),2889112010,papercrane1001.uvoee.trading,1,0,0,Vanilla Expanded,https://steamcommunity.com/sharedfiles/filedetails/?id=2889112010
[Alpha] Anomaly Remix: Gray Pall,3657090812,anomalyremixgraypall.1trickPwnyta,1,0,0,Alpha series,https://steamcommunity.com/sharedfiles/filedetails/?id=3657090812
[AP] Hunting Meme 1.6 (Temp),3535691822,ap.huntingmeme,0,1,0,Animals,https://steamcommunity.com/sharedfiles/filedetails/?id=3535691822
[AV] Mechanoid Skins,3667667489,Veltaris.MechanoidSkins,0,0,1,Textures & retextures,https://steamcommunity.com/sharedfiles/filedetails/?id=3667667489
[CF] Anomaly Upscaled 2x,3538584455,cf.anomalyupscaled2x,1,0,0,Textures & retextures,https://steamcommunity.com/sharedfiles/filedetails/?id=3538584455
[CF] Better Looking Plants,3167083455,better.plants,1,0,0,Textures & retextures,https://steamcommunity.com/sharedfiles/filedetails/?id=3167083455
[CF] Odyssey Upscaled 2x,3535506453,cf.odysseyupscaled2x,1,0,0,Textures & retextures,https://steamcommunity.com/sharedfiles/filedetails/?id=3535506453
[CF] VRE - Lycanthrope Better Parts,3578135470,cf.lycanthrope,0,1,0,Gameplay tweaks,https://steamcommunity.com/sharedfiles/filedetails/?id=3578135470
[CF] VRE - Sanguophage Better Parts,3165181669,vres.betterparts,1,0,0,"Genes, xenotypes & races",https://steamcommunity.com/sharedfiles/filedetails/?id=3165181669
[CF] VRE - Saurid Better Head Parts,3539916610,cf.vresaurid,0,1,0,Gameplay tweaks,https://steamcommunity.com/sharedfiles/filedetails/?id=3539916610
[CM] Ideology DLC Texture Upscale,2603637629,cm.ideology.upscaled,1,0,0,Textures & retextures,https://steamcommunity.com/sharedfiles/filedetails/?id=2603637629
[CNEIO] More Reasonable Mortars,3586669021,cn.morereasonablemortars,1,0,0,"Combat, weapons & raids",https://steamcommunity.com/sharedfiles/filedetails/?id=3586669021
[DHM]MyDogsHouse,3490848177,drilledhead.mydogshouse,0,1,0,Gameplay tweaks,https://steamcommunity.com/sharedfiles/filedetails/?id=3490848177
[DHM]Wallpenmarker,3707830801,drilledhead.Wallpenmarker,0,1,0,"Furniture, decor & props",https://steamcommunity.com/sharedfiles/filedetails/?id=3707830801
[DR] Dream's Damage Indicators,3789796309,mjcg.drdamageindicators,1,0,0,"Combat, weapons & raids",https://steamcommunity.com/sharedfiles/filedetails/?id=3789796309
[DR] Save Without Restart,3599419929,mjcg.savewithoutrestart,1,0,0,Performance & tools,https://steamcommunity.com/sharedfiles/filedetails/?id=3599419929
[DR] Where's My Treasure,3559591864,mjcg.wheresmytreasure,1,0,0,Gameplay tweaks,https://steamcommunity.com/sharedfiles/filedetails/?id=3559591864
[EN] Unagi Animal Mod Big Pom English Translation,3511764759,hol.bigpom,0,1,0,Animals,https://steamcommunity.com/sharedfiles/filedetails/?id=3511764759
[FM] DBH Addon: Expanded Pack,3125246043,farxmai2.dbh.expanded,1,0,0,"Medical, needs & hygiene",https://steamcommunity.com/sharedfiles/filedetails/?id=3125246043
[FSF] Better Exploration Loot,3526957922,frozensnowfox.betterexplorationloot,1,0,0,Gameplay tweaks,https://steamcommunity.com/sharedfiles/filedetails/?id=3526957922
[FSF] Better Pawn Lending Quest,2551381293,frozensnowfox.betterpawnlendingquest,1,0,0,"World, biomes, factions & travel",https://steamcommunity.com/sharedfiles/filedetails/?id=2551381293
[GMT] Trading Spot,2874517333,grizzlemethis.tradingspot.rw,1,0,0,Gameplay tweaks,https://steamcommunity.com/sharedfiles/filedetails/?id=2874517333
[HRK] Medieval deathrest coffin,2881104575,harkon.biotechaddon.medievaldeathrestcoffin,1,0,0,"Furniture, decor & props",https://steamcommunity.com/sharedfiles/filedetails/?id=2881104575
[JF] Royal Carpets,2977701969,jf.royalcarpets,0,1,0,"Furniture, decor & props",https://steamcommunity.com/sharedfiles/filedetails/?id=2977701969
[LC] Collector Ideology,3535706184,lc.collectorideo,0,1,0,Ideology & social,https://steamcommunity.com/sharedfiles/filedetails/?id=3535706184
[lmgginspace] Force Do Job,3226046759,forcedojob.kv.rw,1,0,0,Quality of life,https://steamcommunity.com/sharedfiles/filedetails/?id=3226046759
[LTO] Colony Groups,2345493945,derekbickley.ltocolonygroupsfinal,1,0,0,UI & information,https://steamcommunity.com/sharedfiles/filedetails/?id=2345493945
[LYN] HD Corporate and Hedonist Apparel,3333314985,lyn.hdcha,1,0,0,"Apparel, styles & cosmetics",https://steamcommunity.com/sharedfiles/filedetails/?id=3333314985
[LYN] Military Ideology,3756513437,LynTheCookie.MilitaryIdeology,0,1,0,Ideology & social,https://steamcommunity.com/sharedfiles/filedetails/?id=3756513437
[LYN] VVE Renamed,3014810352,lyn.vverenamed,1,0,0,Gameplay tweaks,https://steamcommunity.com/sharedfiles/filedetails/?id=3014810352
[Mk] Mako's Animal Cages Retexture - Doors Closed,3520803100,mako.cageretexclosed,0,1,0,Textures & retextures,https://steamcommunity.com/sharedfiles/filedetails/?id=3520803100
[MUS]哥特式吸血鬼家具 Gothicstyle Vampire Furniture,3102678787,mingtuwuxiang.gothicdecorative,0,0,1,"Furniture, decor & props",https://steamcommunity.com/sharedfiles/filedetails/?id=3102678787
[MUS]太空基地家具Space Base Furniture,3523916780,mingtuwuxiang.spacebasedecorative,0,0,1,"Furniture, decor & props",https://steamcommunity.com/sharedfiles/filedetails/?id=3523916780
[MUS]捕鱼装饰 FishingDecorative,2981211719,mingtuwuxiang.fishingdecorative,0,0,1,"Furniture, decor & props",https://steamcommunity.com/sharedfiles/filedetails/?id=2981211719
[NL] Facial Animation - WIP,1635901197,nals.facialanimation,0,0,1,"Hair, bodies & animations",https://steamcommunity.com/sharedfiles/filedetails/?id=1635901197
[Og] Automatic Power Switch,3031634496,og.automaticpowerswitch,1,0,0,"Building, production & storage",https://steamcommunity.com/sharedfiles/filedetails/?id=3031634496
[Og] Immersive Filter,3735827910,Og.Immersive.Filter,0,0,1,"Apparel, styles & cosmetics",https://steamcommunity.com/sharedfiles/filedetails/?id=3735827910
[OWL] Mercenary Outposts Expanded,3651517872,eagleowl.mercenaryoutpostsexpanded,0,1,0,"Building, production & storage",https://steamcommunity.com/sharedfiles/filedetails/?id=3651517872
[PL] Female Variant Clothing: For Fat Bodies,3771446780,Pumpkinlass.FeminineTextureVarieties,1,0,0,"Hair, bodies & animations",https://steamcommunity.com/sharedfiles/filedetails/?id=3771446780
[PL] Pumpkin Female Body for Xenotypes,3786057800,sd.pl.pumpkinbody.xenotypes,1,0,0,"Hair, bodies & animations",https://steamcommunity.com/sharedfiles/filedetails/?id=3786057800
[QoL] OpenDatDoor,3436298489,guezzy.opendatdoor,1,0,0,"Building, production & storage",https://steamcommunity.com/sharedfiles/filedetails/?id=3436298489
[RH2] CPERS: Arrest Here!,2563157350,rh2.cpers.arrest.here,1,0,0,Gameplay tweaks,https://steamcommunity.com/sharedfiles/filedetails/?id=2563157350
[sbz] BioReactor retexture,2618249368,jgh.bioreactor,0,1,0,Textures & retextures,https://steamcommunity.com/sharedfiles/filedetails/?id=2618249368
[sbz] Bookcase,3789304104,sbz.Bookcase,0,1,0,"Building, production & storage",https://steamcommunity.com/sharedfiles/filedetails/?id=3789304104
[sbz] Cryogenic Tank,3517096449,sbz.cryogenictank,0,1,0,"Building, production & storage",https://steamcommunity.com/sharedfiles/filedetails/?id=3517096449
[sbz] EPOE retexture,2616058883,JGH.EPOE,0,1,0,Textures & retextures,https://steamcommunity.com/sharedfiles/filedetails/?id=2616058883
[sbz] Fridge,3486264784,sbz.neatstoragefridge,1,0,0,"Building, production & storage",https://steamcommunity.com/sharedfiles/filedetails/?id=3486264784
[sbz] Gravship Storage,3537905298,sbz.gravshipstorage,1,0,0,"Building, production & storage",https://steamcommunity.com/sharedfiles/filedetails/?id=3537905298
[sbz] Human Power Generator retexture,2635855505,jgh.humangenerator,0,1,0,Textures & retextures,https://steamcommunity.com/sharedfiles/filedetails/?id=2635855505
[sbz] Neat Storage,3416243474,sbz.neatstorage,1,0,0,"Building, production & storage",https://steamcommunity.com/sharedfiles/filedetails/?id=3416243474
[sbz] WVC - Work Modes retexture,2913464579,jgh.wvcwvc,1,0,0,Textures & retextures,https://steamcommunity.com/sharedfiles/filedetails/?id=2913464579
[SR]Factional War (fork),3423264477,sr.modrimworld.factionalwarcontinued,1,0,0,"Combat, weapons & raids",https://steamcommunity.com/sharedfiles/filedetails/?id=3423264477
[SYR] Processor Framework (Continued),3210544395,syrchalis.processor.framework,1,0,0,Frameworks & libraries,https://steamcommunity.com/sharedfiles/filedetails/?id=3210544395
[TW1.6]Neo-Retro Haus Furniture,3672585333,TW.NRH.Furniture,0,0,1,"Furniture, decor & props",https://steamcommunity.com/sharedfiles/filedetails/?id=3672585333
[TW1.6]幻彩林地 Rainbow forest,3532501549,tw.tangsbiome.rainbowforest,0,1,0,"World, biomes, factions & travel",https://steamcommunity.com/sharedfiles/filedetails/?id=3532501549
[TW1.6]雪人贴图重置 Retexture~Snow man,3482433222,tw.tangs.retexture.snowman,1,0,0,Textures & retextures,https://steamcommunity.com/sharedfiles/filedetails/?id=3482433222
[UI-Overhaul] PrettyUI,3661802609,guezzy.modernui,1,0,0,UI & information,https://steamcommunity.com/sharedfiles/filedetails/?id=3661802609
[XND] Memorable Auroras (Continued),2270039395,mlie.xndmemorableauroras,1,0,0,"World, biomes, factions & travel",https://steamcommunity.com/sharedfiles/filedetails/?id=2270039395
[XND] Profitable Weapons (Continued),2269697598,mlie.xndprofitableweapons,1,0,0,"Combat, weapons & raids",https://steamcommunity.com/sharedfiles/filedetails/?id=2269697598
[XND] Visible Pants,2264108215,xeonovadan.visiblepants,0,0,1,"Apparel, styles & cosmetics",https://steamcommunity.com/sharedfiles/filedetails/?id=2264108215
Absolute Legends: Hair,2195744587,absolute.legends.hair,0,0,1,"Hair, bodies & animations",https://steamcommunity.com/sharedfiles/filedetails/?id=2195744587
Achtung!,730936602,brrainz.achtung,1,0,0,Quality of life,https://steamcommunity.com/sharedfiles/filedetails/?id=730936602
Actually Vanilla Music Expansion,2958708020,billnotic.actuallyvanillamusicexpansion,1,0,0,Audio & music,https://steamcommunity.com/sharedfiles/filedetails/?id=2958708020
Adaptive Primitive Storage,3400037215,adaptive.primitivestorage,1,0,0,"Building, production & storage",https://steamcommunity.com/sharedfiles/filedetails/?id=3400037215
Adaptive Storage Framework,3033901359,adaptive.storage.framework,1,0,0,Frameworks & libraries,https://steamcommunity.com/sharedfiles/filedetails/?id=3033901359
Additional Hero Backgrounds,3692484664,ferny.additionalherobackgrounds,1,0,0,Gameplay tweaks,https://steamcommunity.com/sharedfiles/filedetails/?id=3692484664
Adjustments for Reel's Facial Animation Textures,3429452043,sd.fa.reelsadjustments,0,0,1,"Hair, bodies & animations",https://steamcommunity.com/sharedfiles/filedetails/?id=3429452043
Adjustments for Vanilla Textures Expanded - [NL] Facial Animation,3532050275,sd.fa.vteadjustments,0,0,1,"Hair, bodies & animations",https://steamcommunity.com/sharedfiles/filedetails/?id=3532050275
Adoptive Relationships,3364083523,lydocia.adoptiverelationships,1,0,0,Ideology & social,https://steamcommunity.com/sharedfiles/filedetails/?id=3364083523
Advanced Moisture Pump (Continued),2880970348,cixwow.advancedmoisturepump,0,1,0,"Building, production & storage",https://steamcommunity.com/sharedfiles/filedetails/?id=2880970348
AFU女士发型_Women's hairstyles,2020779666,jintuzilamian.hairstyle.afuwomenshairstyles,0,0,1,"Hair, bodies & animations",https://steamcommunity.com/sharedfiles/filedetails/?id=2020779666
AFU男士发型_Men's hairstyles,2072106893,jintuzilamian.hairstyle.afumenshairstyles,0,0,1,"Hair, bodies & animations",https://steamcommunity.com/sharedfiles/filedetails/?id=2072106893
Against All Odds [v2.0] [1.6],3552336221,literallyfree.colonistreturnbuff,1,0,0,Gameplay tweaks,https://steamcommunity.com/sharedfiles/filedetails/?id=3552336221
Akeron Extras - Facial Animations,2889716301,Newton.AKNExtras.FacialAnimations,0,0,1,"Hair, bodies & animations",https://steamcommunity.com/sharedfiles/filedetails/?id=2889716301
Alfred Ancient - Progression Storytellers,3579763743,ferny.alfredancient,0,1,0,"Research, storytellers & progression",https://steamcommunity.com/sharedfiles/filedetails/?id=3579763743
Aliaile Race Furniture,3706046839,Misstall.AR.IdeologyStyle,0,0,1,"Furniture, decor & props",https://steamcommunity.com/sharedfiles/filedetails/?id=3706046839
Alien Biome Remover,3628698653,ferny.alienbiomeremover,1,0,0,"World, biomes, factions & travel",https://steamcommunity.com/sharedfiles/filedetails/?id=3628698653
Alien Head Gene,3768829403,JQ.AlienXenoHead,0,0,1,"Genes, xenotypes & races",https://steamcommunity.com/sharedfiles/filedetails/?id=3768829403
Alien Head Gene FA Patch,3770971498,JQ.AlienXenoHeadFA,0,0,1,Patches & compatibility,https://steamcommunity.com/sharedfiles/filedetails/?id=3770971498
Alien Worlds - Arctic,3626213617,7f.alienworlds.arcticworld,0,1,0,"World, biomes, factions & travel",https://steamcommunity.com/sharedfiles/filedetails/?id=3626213617
Alien Worlds - Dreamworld,3627997934,7f.alienworlds.dreamworld,0,1,0,"World, biomes, factions & travel",https://steamcommunity.com/sharedfiles/filedetails/?id=3627997934
Alien Worlds - Gas Giant,3786620127,alt4s.gasgiant,0,1,0,"World, biomes, factions & travel",https://steamcommunity.com/sharedfiles/filedetails/?id=3786620127
Alien Worlds - Gloomworld,3704140230,feb.alienworlds.gloomworld,0,1,0,"World, biomes, factions & travel",https://steamcommunity.com/sharedfiles/filedetails/?id=3704140230
Alien Worlds - Hellworld,3623866960,7f.alienworlds.hellworld,0,1,0,"World, biomes, factions & travel",https://steamcommunity.com/sharedfiles/filedetails/?id=3623866960
Alien Worlds - Nightworld,3627921921,7f.alienworlds.nightworld,0,1,0,"World, biomes, factions & travel",https://steamcommunity.com/sharedfiles/filedetails/?id=3627921921
Alien Worlds - Tidally Locked,3631364335,7f.alienworlds.tidallylocked,0,1,0,"World, biomes, factions & travel",https://steamcommunity.com/sharedfiles/filedetails/?id=3631364335
Alien Worlds - Toxic,3627135618,7f.alienworlds.toxicworld,0,1,0,"World, biomes, factions & travel",https://steamcommunity.com/sharedfiles/filedetails/?id=3627135618
Alien Worlds Framework,3626210061,7f.alienworlds,1,0,0,Frameworks & libraries,https://steamcommunity.com/sharedfiles/filedetails/?id=3626210061
Alien Worlds Sea Caravan Fix,3631844098,alyssapaws.awseacaravanfix,1,0,0,"World, biomes, factions & travel",https://steamcommunity.com/sharedfiles/filedetails/?id=3631844098
All Ideoligions Are Fluid,2872901762,superniquito.allideoligionsarefluid,1,0,0,Gameplay tweaks,https://steamcommunity.com/sharedfiles/filedetails/?id=2872901762
Allies are Helpful,3534920369,ninagoblin.alliesarehelpful,1,0,0,Gameplay tweaks,https://steamcommunity.com/sharedfiles/filedetails/?id=3534920369
Allow Altars in Throneroom,2554407161,z4k97b.altarsinthroneroom,1,0,0,Quality of life,https://steamcommunity.com/sharedfiles/filedetails/?id=2554407161
Allow Dead Animals,2403873031,andrewraphaellukasik.allowdeadanimals,1,0,0,Animals,https://steamcommunity.com/sharedfiles/filedetails/?id=2403873031
Almost There! Fork,3515165298,duz.almosttherefork,1,0,0,Quality of life,https://steamcommunity.com/sharedfiles/filedetails/?id=3515165298
Alpha Animals,1541721856,sarg.alphaanimals,0,1,0,Alpha series,https://steamcommunity.com/sharedfiles/filedetails/?id=1541721856
Alpha Animals Patch for Outposts Mines,2704392053,daria40k.alphaanimalspatchoutposts,0,1,0,Alpha series,https://steamcommunity.com/sharedfiles/filedetails/?id=2704392053
Alpha Armoury,3622294464,sarg.alphaarmoury,0,1,0,Alpha series,https://steamcommunity.com/sharedfiles/filedetails/?id=3622294464
Alpha Biomes,1841354677,sarg.alphabiomes,0,1,0,Alpha series,https://steamcommunity.com/sharedfiles/filedetails/?id=1841354677
Alpha Books,3403180654,sarg.alphabooks,0,1,0,Alpha series,https://steamcommunity.com/sharedfiles/filedetails/?id=3403180654
Alpha Crafts,3382446150,sarg.alphacrafts,0,1,0,Alpha series,https://steamcommunity.com/sharedfiles/filedetails/?id=3382446150
Alpha Genes,2891845502,sarg.alphagenes,0,1,0,Alpha series,https://steamcommunity.com/sharedfiles/filedetails/?id=2891845502
Alpha Genes - Forsaken Gear Retexture,3705620674,ISH.forsakenretex,0,1,0,Textures & retextures,https://steamcommunity.com/sharedfiles/filedetails/?id=3705620674
Alpha Genes Facial Animation,3751293981,lucius.alphagenesfa,0,0,1,"Hair, bodies & animations",https://steamcommunity.com/sharedfiles/filedetails/?id=3751293981
Alpha Genes Integrated,3538704272,kupa.alphagenesintegrated,0,1,0,Alpha series,https://steamcommunity.com/sharedfiles/filedetails/?id=3538704272
Alpha Implants,3275091331,sarg.alphaimplants,1,0,0,Alpha series,https://steamcommunity.com/sharedfiles/filedetails/?id=3275091331
Alpha Mechs,2973169158,sarg.alphamechs,0,1,0,Alpha series,https://steamcommunity.com/sharedfiles/filedetails/?id=2973169158
Alpha Memes,2661356814,sarg.alphamemes,0,1,0,Alpha series,https://steamcommunity.com/sharedfiles/filedetails/?id=2661356814
Alpha Prefabs,3070780021,sarg.alphaprefabs,0,1,0,Alpha series,https://steamcommunity.com/sharedfiles/filedetails/?id=3070780021
Alpha Props - Parks and Gardens,3146268928,sarg.alphapropsparks,0,0,1,"Furniture, decor & props",https://steamcommunity.com/sharedfiles/filedetails/?id=3146268928
Alpha Props - Ship Parts,3221222211,sarg.alphapropsships,0,0,1,"Furniture, decor & props",https://steamcommunity.com/sharedfiles/filedetails/?id=3221222211
Alpha Random,3642631969,sarg.alpharandom,0,1,0,Alpha series,https://steamcommunity.com/sharedfiles/filedetails/?id=3642631969
Alpha Skills,3448953006,sarg.alphaskills,0,1,0,Alpha series,https://steamcommunity.com/sharedfiles/filedetails/?id=3448953006
Altered Carbon 2: ReSleeved,2196278117,hlx.ultratechalteredcarbon,0,1,0,Content & overhauls,https://steamcommunity.com/sharedfiles/filedetails/?id=2196278117
Alternate Research Projects,3332424173,mlie.alternateresearchprojects,1,0,0,UI & information,https://steamcommunity.com/sharedfiles/filedetails/?id=3332424173
Always Position Gravship on Landing,3738322550,ferny.AlwaysPositionGravshiponLanding,1,0,0,"Vehicles, gravships & mechs",https://steamcommunity.com/sharedfiles/filedetails/?id=3738322550
Always Start in Daytime,3323971974,ferny.alwaysstartindaytime,1,0,0,Quality of life,https://steamcommunity.com/sharedfiles/filedetails/?id=3323971974
Ambiguous Anomaly,3266425876,ferny.ambiguousanomaly,1,0,0,Gameplay tweaks,https://steamcommunity.com/sharedfiles/filedetails/?id=3266425876
Amnabi's Flags (Continued),2592638428,mlie.amnabisflags,0,0,1,"Apparel, styles & cosmetics",https://steamcommunity.com/sharedfiles/filedetails/?id=2592638428
Amorphous style pack,3382499324,xmb.amorphousstylepack.mo,0,0,1,"Apparel, styles & cosmetics",https://steamcommunity.com/sharedfiles/filedetails/?id=3382499324
Ancient urban ruins,3316062206,xmb.ancienturbanruins.mo,0,1,0,"World, biomes, factions & travel",https://steamcommunity.com/sharedfiles/filedetails/?id=3316062206
ANDH - Animals Nuzzling Detects Horrors,3230195082,latta.petknowstrueyou,1,0,0,Animals,https://steamcommunity.com/sharedfiles/filedetails/?id=3230195082
Animal Biosculpter,2883571601,bodilpwnz.animalbiosculpter,1,0,0,Animals,https://steamcommunity.com/sharedfiles/filedetails/?id=2883571601
Animal Cages (Continued),3416360282,zal.animalcages,0,1,0,Animals,https://steamcommunity.com/sharedfiles/filedetails/?id=3416360282
Animal Sarcophagus,2876565401,overpl.animalsarcophagus,1,0,0,"Furniture, decor & props",https://steamcommunity.com/sharedfiles/filedetails/?id=2876565401
Animal Tab,712141500,Fluffy.AnimalTab,1,0,0,UI & information,https://steamcommunity.com/sharedfiles/filedetails/?id=712141500
Animal Traits System,3652630316,luved.animaltraits,1,0,0,Animals,https://steamcommunity.com/sharedfiles/filedetails/?id=3652630316
AnimalHarvestingSpot (Continued),1542765654,mlie.animalharvestingspot,1,0,0,Animals,https://steamcommunity.com/sharedfiles/filedetails/?id=1542765654
Animals are fun! (Continued),3245454244,colossalfossil.animalsarefuncontinued,1,0,0,Animals,https://steamcommunity.com/sharedfiles/filedetails/?id=3245454244
Anomaly Fleshbeasts or Sarg Fleshbeasts?,3234422589,ferny.fleshbeasts,0,1,0,Animals,https://steamcommunity.com/sharedfiles/filedetails/?id=3234422589
Anomaly Research Asteroid,3527726648,zoarak.anomalyplat,0,1,0,UI & information,https://steamcommunity.com/sharedfiles/filedetails/?id=3527726648
Any Pawn Can Repair Mechs,3673815123,Leo.AnyPawnCanRepairMechs,1,0,0,"Vehicles, gravships & mechs",https://steamcommunity.com/sharedfiles/filedetails/?id=3673815123
Aonyx Cinerea 亚洲小爪水獭,3539632325,lingluo.elun982697019.aonyxcinerea,0,1,0,Gameplay tweaks,https://steamcommunity.com/sharedfiles/filedetails/?id=3539632325
Apex Mechanoids,3792325789,Mortis.ApexMechanoids,0,1,0,"Vehicles, gravships & mechs",https://steamcommunity.com/sharedfiles/filedetails/?id=3792325789
Apparel Painter,3792795811,MrBeverage.ApparelPainter,1,0,0,"Apparel, styles & cosmetics",https://steamcommunity.com/sharedfiles/filedetails/?id=3792795811
Apparel Policy Builder,3761873351,Skyl3lazer.ApparelPolicyBuilder,1,0,0,"Apparel, styles & cosmetics",https://steamcommunity.com/sharedfiles/filedetails/?id=3761873351
Appliances Expanded,2869098359,scpchemfuel.appliances,1,0,0,"Building, production & storage",https://steamcommunity.com/sharedfiles/filedetails/?id=2869098359
Aquariums!,3478462020,Nightmare.Aquariums,0,1,0,"Furniture, decor & props",https://steamcommunity.com/sharedfiles/filedetails/?id=3478462020
Archeankin (Retexture),3786535436,morton.RetextureArcheankin,0,1,0,Textures & retextures,https://steamcommunity.com/sharedfiles/filedetails/?id=3786535436
Archeankin - Phytokin,3703107323,dustydinoface.Archeankin,0,1,0,"Genes, xenotypes & races",https://steamcommunity.com/sharedfiles/filedetails/?id=3703107323
Architect Icons,1195427067,com.bymarcin.architecticons,1,0,0,UI & information,https://steamcommunity.com/sharedfiles/filedetails/?id=1195427067
Architect Menu Optimizer,3697920753,MRK.architectmenuoptimizer,1,0,0,Performance & tools,https://steamcommunity.com/sharedfiles/filedetails/?id=3697920753
Architecture of the Rim (incl. corners),3330807313,eeg.architecture,0,0,1,"Furniture, decor & props",https://steamcommunity.com/sharedfiles/filedetails/?id=3330807313
Arsenal - Orbital Security,3688808936,ICC.AOV.OSEC,0,1,0,"Combat, weapons & raids",https://steamcommunity.com/sharedfiles/filedetails/?id=3688808936
Art on Neolithic Weapons,2556397158,dizzy.neolithicweaponart,1,0,0,"Combat, weapons & raids",https://steamcommunity.com/sharedfiles/filedetails/?id=2556397158
Art-Accurate/Doubled Gene Bank,3133680465,ferny.artaccurategenebank,1,0,0,"Genes, xenotypes & races",https://steamcommunity.com/sharedfiles/filedetails/?id=3133680465
Artisan Experience,3794903743,sk.artisanexp,1,0,0,Gameplay tweaks,https://steamcommunity.com/sharedfiles/filedetails/?id=3794903743
"As above, So below 2",3776015553,astryl.AsAboveSoBelow2,1,0,0,Gameplay tweaks,https://steamcommunity.com/sharedfiles/filedetails/?id=3776015553
Asimov,3096481956,neronix17.asimov,1,0,0,Gameplay tweaks,https://steamcommunity.com/sharedfiles/filedetails/?id=3096481956
Astrofuel gear,3703688092,lts.AG,0,1,0,Gameplay tweaks,https://steamcommunity.com/sharedfiles/filedetails/?id=3703688092
Astronomy Style Pack,3522312454,asp.halituisamaricanous,0,0,1,"Apparel, styles & cosmetics",https://steamcommunity.com/sharedfiles/filedetails/?id=3522312454
Atelier (Continued),3554040577,zal.atelier,1,0,0,Content & overhauls,https://steamcommunity.com/sharedfiles/filedetails/?id=3554040577
ATH's Ideo Colors Pallette,3069754400,anthitei.athsideocolorpalette.colors,1,0,0,Gameplay tweaks,https://steamcommunity.com/sharedfiles/filedetails/?id=3069754400
ATH's Retexture Female Apparel,3145326932,anthitei.athsretexturefemalapparel.retexture,1,0,0,"Apparel, styles & cosmetics",https://steamcommunity.com/sharedfiles/filedetails/?id=3145326932
ATH's style Gothic and Bloody Gothic,3136210612,anthitei.athsstylegothic.style,0,0,1,"Apparel, styles & cosmetics",https://steamcommunity.com/sharedfiles/filedetails/?id=3136210612
ATH's Styleable Framework,3016405872,anthitei.athsstyleableframework.style,1,0,0,Frameworks & libraries,https://steamcommunity.com/sharedfiles/filedetails/?id=3016405872
ATH's styles Norse 1.6 + Parka Fix (forked),3535035343,anthitei.athsstylenorse.style,0,0,1,"Apparel, styles & cosmetics",https://steamcommunity.com/sharedfiles/filedetails/?id=3535035343
Auto Animal Flap,3236726779,mn.autoanimalflap,0,1,0,Animals,https://steamcommunity.com/sharedfiles/filedetails/?id=3236726779
Auto Mod Config (Continued),3586136174,garethp.modlistconfigurator,1,0,0,Gameplay tweaks,https://steamcommunity.com/sharedfiles/filedetails/?id=3586136174
Auto-Cast Specialist Commands,3459647882,linnun.autocastspecialistcommands,1,0,0,Quality of life,https://steamcommunity.com/sharedfiles/filedetails/?id=3459647882
Auto-Cut Blight - 1.6,3520167264,defi.autocutblight,1,0,0,Quality of life,https://steamcommunity.com/sharedfiles/filedetails/?id=3520167264
Auto-Extract Genes,2882834449,nibato.autoextractgenes,1,0,0,"Genes, xenotypes & races",https://steamcommunity.com/sharedfiles/filedetails/?id=2882834449
Auto-repair On,3312319778,lecht.autorepairon,1,0,0,Quality of life,https://steamcommunity.com/sharedfiles/filedetails/?id=3312319778
Automatic Night Owl,2056012179,ben.automaticnightowl,1,0,0,Quality of life,https://steamcommunity.com/sharedfiles/filedetails/?id=2056012179
Automatic Parking,3365473553,rabiosus.vfautoparking,1,0,0,Quality of life,https://steamcommunity.com/sharedfiles/filedetails/?id=3365473553
Ayaethean Ideology,3716726987,Ammonite616.Ayaethean,0,0,1,Ideology & social,https://steamcommunity.com/sharedfiles/filedetails/?id=3716726987
Aztec Weapon Style Pack,2893316224,ATWSP.HalituisAmaricanus,0,0,1,"Apparel, styles & cosmetics",https://steamcommunity.com/sharedfiles/filedetails/?id=2893316224
Back For Vengeance,3761967749,ferny.Vengeance,0,1,0,Gameplay tweaks,https://steamcommunity.com/sharedfiles/filedetails/?id=3761967749
Bad Can Be Good (Continued),2889440091,mlie.badcanbegood,1,0,0,Gameplay tweaks,https://steamcommunity.com/sharedfiles/filedetails/?id=2889440091
BallGames,2845856763,kaitorisenkou.ballgames,0,1,0,Content & overhauls,https://steamcommunity.com/sharedfiles/filedetails/?id=2845856763
BallGames (Retexture),3725533396,morton.RetextureBallGames,0,1,0,Textures & retextures,https://steamcommunity.com/sharedfiles/filedetails/?id=3725533396
Banana Suit (Continued),3364370362,zal.bananasuit,0,0,1,"Apparel, styles & cosmetics",https://steamcommunity.com/sharedfiles/filedetails/?id=3364370362
Bandage Wraps 1.6 (Fork),3535716415,SK.BandageWrap,0,1,0,"Medical, needs & hygiene",https://steamcommunity.com/sharedfiles/filedetails/?id=3535716415
Barn Stall (Continued),2071768301,mlie.barnstall,0,1,0,Animals,https://steamcommunity.com/sharedfiles/filedetails/?id=2071768301
Basic Dropdowns,3455529827,ferny.categoriesdropdowns,1,0,0,UI & information,https://steamcommunity.com/sharedfiles/filedetails/?id=3455529827
Basic Dropdowns Replace Stuff Patch,3785075223,cruesoe.basicdropdownsreplacestuffpatch,1,0,0,Patches & compatibility,https://steamcommunity.com/sharedfiles/filedetails/?id=3785075223
Batch Install,3248501544,hellrevenger.batchinstall,1,0,0,Quality of life,https://steamcommunity.com/sharedfiles/filedetails/?id=3248501544
Battery Capacity in Stat View,3651439731,linnun.batterycapacity,1,0,0,Gameplay tweaks,https://steamcommunity.com/sharedfiles/filedetails/?id=3651439731
Beard Age Requirement,3706448581,Hali.BeardAgeRequirement,1,0,0,"Hair, bodies & animations",https://steamcommunity.com/sharedfiles/filedetails/?id=3706448581
Beautiful Outdoors,2011794898,meltup.beautifuloutdoors,1,0,0,"Building, production & storage",https://steamcommunity.com/sharedfiles/filedetails/?id=2011794898
Beauty Matters,2896613924,inertialmage.beautystatmod,1,0,0,Gameplay tweaks,https://steamcommunity.com/sharedfiles/filedetails/?id=2896613924
Bed Rest For Food Poisoning,2567901366,bedrestforfoodpoisoning.1trickponyta,1,0,0,"Medical, needs & hygiene",https://steamcommunity.com/sharedfiles/filedetails/?id=2567901366
Before the Crash: Backstories,3457023552,btc.backstories,0,1,0,Ideology & social,https://steamcommunity.com/sharedfiles/filedetails/?id=3457023552
Begging,3756029681,acutus.begging,1,0,0,Gameplay tweaks,https://steamcommunity.com/sharedfiles/filedetails/?id=3756029681
Beliar Facial Animations,3742391245,lucius.beliarfa,0,0,1,"Hair, bodies & animations",https://steamcommunity.com/sharedfiles/filedetails/?id=3742391245
Beliar Xenotype,3237072670,elsov.beliar,0,1,0,"Genes, xenotypes & races",https://steamcommunity.com/sharedfiles/filedetails/?id=3237072670
Belt Extractors - VFE Factory Patch,3694555789,GroovyTaco.BeltExtractors,1,0,0,Patches & compatibility,https://steamcommunity.com/sharedfiles/filedetails/?id=3694555789
Better Animal Info,3666446844,LemonSkin.BetterAnimalInfo,1,0,0,Animals,https://steamcommunity.com/sharedfiles/filedetails/?id=3666446844
Better Architect Menu,3563882422,ferny.betterarchitect,1,0,0,UI & information,https://steamcommunity.com/sharedfiles/filedetails/?id=3563882422
Better autocasting for Vanilla Psycasts Expanded,3199585285,dev.tobot.vpe.betterautocast,1,0,0,Vanilla Expanded,https://steamcommunity.com/sharedfiles/filedetails/?id=3199585285
Better Beggars (Continued),3006899215,mlie.betterbeggars,1,0,0,Ideology & social,https://steamcommunity.com/sharedfiles/filedetails/?id=3006899215
Better Context Menu,3696948139,MRK.BetterContextMenu,1,0,0,UI & information,https://steamcommunity.com/sharedfiles/filedetails/?id=3696948139
Better Distress Signal,3305489753,nalzurin.betterdistresscall,1,0,0,"World, biomes, factions & travel",https://steamcommunity.com/sharedfiles/filedetails/?id=3305489753
Better Gene Inheritance,3046776238,redmattis.bettergeneinheritance,1,0,0,"Genes, xenotypes & races",https://steamcommunity.com/sharedfiles/filedetails/?id=3046776238
Better Gene Processor UI,3548641009,tomblenz.bettergeneui,1,0,0,UI & information,https://steamcommunity.com/sharedfiles/filedetails/?id=3548641009
Better Inspect Pane,3788686557,assssssqwww.BetterInspectPane,1,0,0,UI & information,https://steamcommunity.com/sharedfiles/filedetails/?id=3788686557
Better Mod Menu,3636406008,mumei.bettermodmenu,1,0,0,UI & information,https://steamcommunity.com/sharedfiles/filedetails/?id=3636406008
Better money,2893659870,sylant.silver,1,0,0,Gameplay tweaks,https://steamcommunity.com/sharedfiles/filedetails/?id=2893659870
Better Pyromania,2624048970,aelanna.betterpyromania,1,0,0,Gameplay tweaks,https://steamcommunity.com/sharedfiles/filedetails/?id=2624048970
Better Records Tab (Continued),2359778562,mlie.betterrecordstab,1,0,0,UI & information,https://steamcommunity.com/sharedfiles/filedetails/?id=2359778562
Better Scroll Bars,3579237751,dillyo.betterscrollbars,1,0,0,UI & information,https://steamcommunity.com/sharedfiles/filedetails/?id=3579237751
Better Traders Guild,3684587591,shunter.bettertradersguild,1,0,0,"World, biomes, factions & travel",https://steamcommunity.com/sharedfiles/filedetails/?id=3684587591
Better Transhumanists,2269379503,co.uk.epicguru.bettertranshumanists,1,0,0,Gameplay tweaks,https://steamcommunity.com/sharedfiles/filedetails/?id=2269379503
Better Trees,3539609975,chaoticenrico.bettertrees,0,0,1,Textures & retextures,https://steamcommunity.com/sharedfiles/filedetails/?id=3539609975
Better Trees: More Djeeshka Like Textures,3543705507,maal.bettertreesmod,0,0,1,Textures & retextures,https://steamcommunity.com/sharedfiles/filedetails/?id=3543705507
Better Vomit - Continued,3798550391,,1,0,0,"Medical, needs & hygiene",https://steamcommunity.com/sharedfiles/filedetails/?id=3798550391
Better Workbench Management,935982361,falconne.bwm,1,0,0,"Building, production & storage",https://steamcommunity.com/sharedfiles/filedetails/?id=935982361
BetterInfoCard,2890920739,creeper.betterinfocard,1,0,0,UI & information,https://steamcommunity.com/sharedfiles/filedetails/?id=2890920739
BetterInspectCard,3538143191,tk421storm.betterinspectcard,1,0,0,UI & information,https://steamcommunity.com/sharedfiles/filedetails/?id=3538143191
BetterWeight,2221387317,archiev.betterweight,1,0,0,Gameplay tweaks,https://steamcommunity.com/sharedfiles/filedetails/?id=2221387317
Big and Small - Framework,2925432336,redmattis.betterprerequisites,1,0,0,Frameworks & libraries,https://steamcommunity.com/sharedfiles/filedetails/?id=2925432336
Big and Small Furniture,3024478368,redmattis.bsfurniture,0,1,0,"Furniture, decor & props",https://steamcommunity.com/sharedfiles/filedetails/?id=3024478368
Big Bed Buff,3201556342,AmCh.BigBedBuff,1,0,0,Gameplay tweaks,https://steamcommunity.com/sharedfiles/filedetails/?id=3201556342
Big Graves and Sarcophaguses,3304095842,wanzi.biggraves,0,1,0,"Furniture, decor & props",https://steamcommunity.com/sharedfiles/filedetails/?id=3304095842
Bill Doors' Simple Signs,2905097730,3hstltd.signs,0,0,1,"Furniture, decor & props",https://steamcommunity.com/sharedfiles/filedetails/?id=2905097730
Bio Tab+,3781978940,Axolki.BioTabPlus,1,0,0,UI & information,https://steamcommunity.com/sharedfiles/filedetails/?id=3781978940
Bioform Matrix,3535848372,bart.bioformmatrix,0,1,0,Content & overhauls,https://steamcommunity.com/sharedfiles/filedetails/?id=3535848372
Biological Warfare,3221550806,ushanka.biologicalwarfare,0,1,0,Gameplay tweaks,https://steamcommunity.com/sharedfiles/filedetails/?id=3221550806
Biome Transitions,2814391846,m00nl1ght.geologicallandforms.biometransitions,1,0,0,"World, biomes, factions & travel",https://steamcommunity.com/sharedfiles/filedetails/?id=2814391846
Biomes! Fossils,3100958580,biomesteam.biomesfossils,0,1,0,"World, biomes, factions & travel",https://steamcommunity.com/sharedfiles/filedetails/?id=3100958580
Biomes! Framework,3709492514,BiomesTeam.CoreFramework,0,1,0,Frameworks & libraries,https://steamcommunity.com/sharedfiles/filedetails/?id=3709492514
Bionic icons,1677616980,automatic.bionicicons,1,0,0,UI & information,https://steamcommunity.com/sharedfiles/filedetails/?id=1677616980
Bionic modularity,3589154549,mrkociak.yabembionicmodularity,0,1,0,"Genes, xenotypes & races",https://steamcommunity.com/sharedfiles/filedetails/?id=3589154549
Bionic modularity - animals,3589157997,mrkociak.yabembionicmodularityanimals,0,1,0,Animals,https://steamcommunity.com/sharedfiles/filedetails/?id=3589157997
BioReactor (Continued),3307031939,mlie.bioreactor,0,1,0,Gameplay tweaks,https://steamcommunity.com/sharedfiles/filedetails/?id=3307031939
Biotech Mechanoid Retexture,3164022710,el.biotechmechrt,1,0,0,Textures & retextures,https://steamcommunity.com/sharedfiles/filedetails/?id=3164022710
Birth Quality Lifespan Fix,3654799710,saltgin.birthqualitylifespanfix,1,0,0,Gameplay tweaks,https://steamcommunity.com/sharedfiles/filedetails/?id=3654799710
Blood Animations,3228047321,fuu.bloodanimations,1,0,0,Textures & retextures,https://steamcommunity.com/sharedfiles/filedetails/?id=3228047321
Blood-Tinted Wounds,3762681120,DanZinagri.BloodTintedWounds,1,0,0,Textures & retextures,https://steamcommunity.com/sharedfiles/filedetails/?id=3762681120
Blueprint Material Debt (Continued),3023764871,mlie.blueprintmaterialdebt,1,0,0,"Building, production & storage",https://steamcommunity.com/sharedfiles/filedetails/?id=3023764871
Blueprints Forked - 1.6,3525001145,defi.blueprints.fork,1,0,0,"Building, production & storage",https://steamcommunity.com/sharedfiles/filedetails/?id=3525001145
Boathouse Doors,3309340255,nuanki.boathouse,1,0,0,"Building, production & storage",https://steamcommunity.com/sharedfiles/filedetails/?id=3309340255
BodyMastery Mastered DBH,3296130663,eclair155.bodymasterydbh,1,0,0,"Medical, needs & hygiene",https://steamcommunity.com/sharedfiles/filedetails/?id=3296130663
BorderCollies,2261957667,rtp.bordercollies,0,1,0,Gameplay tweaks,https://steamcommunity.com/sharedfiles/filedetails/?id=2261957667
Bradson's Main Button Icons (Forked + Expanded),3532359201,bs.mbifvte,1,0,0,UI & information,https://steamcommunity.com/sharedfiles/filedetails/?id=3532359201
Bread Mo's Valentine's Day apparel,3295274246,mo.size.valentine.apparel,0,0,1,"Apparel, styles & cosmetics",https://steamcommunity.com/sharedfiles/filedetails/?id=3295274246
Bulk Stonecutting (Forked),2594241153,hol.bsc,1,0,0,"Building, production & storage",https://steamcommunity.com/sharedfiles/filedetails/?id=2594241153
Bundle of Trinkets,3592047709,seti.medieval.trinkets,0,1,0,Gameplay tweaks,https://steamcommunity.com/sharedfiles/filedetails/?id=3592047709
Bunny Framework,3015333853,romyashi.dlwdframework,1,0,0,Frameworks & libraries,https://steamcommunity.com/sharedfiles/filedetails/?id=3015333853
Busywork,3775253009,Andromeda.Busywork,1,0,0,Quality of life,https://steamcommunity.com/sharedfiles/filedetails/?id=3775253009
Cables and Plumbing - Spliced & Wyed,3762131739,DaniAngione.Medicalpol.CablesAndPlumbing,1,0,0,"Building, production & storage",https://steamcommunity.com/sharedfiles/filedetails/?id=3762131739
CAI 5000 duty fix,3778359544,linnun.cai5000dutyfix,1,0,0,"Combat, weapons & raids",https://steamcommunity.com/sharedfiles/filedetails/?id=3778359544
Can I Reinstall This?,3746091680,Lensrub.CanIReinstall,1,0,0,Quality of life,https://steamcommunity.com/sharedfiles/filedetails/?id=3746091680
Cannibal Pirates Style Expansion 1.6 (Temp),3539790957,akri.pcannibal,0,0,1,"Apparel, styles & cosmetics",https://steamcommunity.com/sharedfiles/filedetails/?id=3539790957
Capture Expansion,3787736781,ferny.CaptureExpansion,1,0,0,Content & overhauls,https://steamcommunity.com/sharedfiles/filedetails/?id=3787736781
Caravan Ghouls,3227732522,nep.caravanghouls,1,0,0,"World, biomes, factions & travel",https://steamcommunity.com/sharedfiles/filedetails/?id=3227732522
Caravan Mood Buff,2680751877,syrus.caravanmoodbuff,1,0,0,"World, biomes, factions & travel",https://steamcommunity.com/sharedfiles/filedetails/?id=2680751877
Caravan Skill Sort,3676122231,TSA.CaravanSkillSort,1,0,0,"World, biomes, factions & travel",https://steamcommunity.com/sharedfiles/filedetails/?id=3676122231
Carbonite Casket,3601154862,alma.carbonitecasket,0,1,0,Gameplay tweaks,https://steamcommunity.com/sharedfiles/filedetails/?id=3601154862
Carrion Eater Gene,3791527651,garb.carrioneater,0,1,0,"Genes, xenotypes & races",https://steamcommunity.com/sharedfiles/filedetails/?id=3791527651
Cash Register (Continued),3509487668,orion.cashregister,0,1,0,Gameplay tweaks,https://steamcommunity.com/sharedfiles/filedetails/?id=3509487668
Cat Hiss,3523843973,hailuan.cathiss,1,0,0,Audio & music,https://steamcommunity.com/sharedfiles/filedetails/?id=3523843973
Cat's Boots and Gloves,3552813398,CatLover366.BootsAndGloves,1,0,0,"Apparel, styles & cosmetics",https://steamcommunity.com/sharedfiles/filedetails/?id=3552813398
Cats Hunt For Fun,2827497888,Mlie.CatsHuntForFun,1,0,0,Animals,https://steamcommunity.com/sharedfiles/filedetails/?id=2827497888
Cellcycle Acceleration,3727646270,ThCon.Cellcycleacceleration,0,1,0,Gameplay tweaks,https://steamcommunity.com/sharedfiles/filedetails/?id=3727646270
Character Development,3770112044,ferny.characterdevelopment,1,0,0,Gameplay tweaks,https://steamcommunity.com/sharedfiles/filedetails/?id=3770112044
Charmweaver: Pregnancy Precepts,3228086397,OdysseyLotus.CharmweaverPrecepts,0,1,0,"Medical, needs & hygiene",https://steamcommunity.com/sharedfiles/filedetails/?id=3228086397
Cherry Picker,3521312241,owlchemist.cherrypicker,1,0,0,UI & information,https://steamcommunity.com/sharedfiles/filedetails/?id=3521312241
Cherry picker scroll/search menu,3781285156,lucius.cherryscroll,1,0,0,UI & information,https://steamcommunity.com/sharedfiles/filedetails/?id=3781285156
Chest Hair Tattoos,3549854404,ghostie.chesthair,0,0,1,"Hair, bodies & animations",https://steamcommunity.com/sharedfiles/filedetails/?id=3549854404
Chester Choose - Progression Storytellers,3761449697,ferny.ChesterChoose,0,1,0,"Research, storytellers & progression",https://steamcommunity.com/sharedfiles/filedetails/?id=3761449697
ChezhouLib,3595247479,chezhou.chezhoulib.lib,0,1,0,Frameworks & libraries,https://steamcommunity.com/sharedfiles/filedetails/?id=3595247479
Childhood Backstories,3000770956,zylle.childboodbackstories,1,0,0,Ideology & social,https://steamcommunity.com/sharedfiles/filedetails/?id=3000770956
Children Can Learn Fast,2976384929,ChildrenCanLearnFast.Mod,1,0,0,Ideology & social,https://steamcommunity.com/sharedfiles/filedetails/?id=2976384929
Childrens Drawings,2918817041,zylle.childrensdrawings,0,0,1,Ideology & social,https://steamcommunity.com/sharedfiles/filedetails/?id=2918817041
Childrens' Traits Affect Learning,2977564653,childrentraitsaffectlearning.mod,1,0,0,Ideology & social,https://steamcommunity.com/sharedfiles/filedetails/?id=2977564653
Chill the Fork Out,3523235444,md.chillout,1,0,0,Gameplay tweaks,https://steamcommunity.com/sharedfiles/filedetails/?id=3523235444
Chimera Creation (Continued),3615540204,zal.chimeracreation,1,0,0,Gameplay tweaks,https://steamcommunity.com/sharedfiles/filedetails/?id=3615540204
Chisel Statue,3663096965,TheModIMade.BecauseIWasAnnoyedAt.VanillaMechanics,1,0,0,"Furniture, decor & props",https://steamcommunity.com/sharedfiles/filedetails/?id=3663096965
Choose Where To Land,3537970831,kearril.choosewheretoland,1,0,0,Quality of life,https://steamcommunity.com/sharedfiles/filedetails/?id=3537970831
ChordedKeybinds,3660259520,remi.chordedkeybinds,1,0,0,UI & information,https://steamcommunity.com/sharedfiles/filedetails/?id=3660259520
Chronos Pointer - Schedule Menu Enhancement,3408065390,coolnether123.chronospointer,1,0,0,UI & information,https://steamcommunity.com/sharedfiles/filedetails/?id=3408065390
Clean Textures,2865361569,ih.clean.textures,1,0,0,Textures & retextures,https://steamcommunity.com/sharedfiles/filedetails/?id=2865361569
Clean Textures - Less Grass,3061095040,ih.clean.textures.soil,1,0,0,Textures & retextures,https://steamcommunity.com/sharedfiles/filedetails/?id=3061095040
Climate Preference Genes,2980961512,ClimatePreferenceGenes.Mod,0,1,0,"Genes, xenotypes & races",https://steamcommunity.com/sharedfiles/filedetails/?id=2980961512
Clocks,3050079733,zylle.clocks,0,1,0,"Furniture, decor & props",https://steamcommunity.com/sharedfiles/filedetails/?id=3050079733
Clown Voice Gene,2985408273,Bahlivern.ClownVoiceGene,0,0,1,"Genes, xenotypes & races",https://steamcommunity.com/sharedfiles/filedetails/?id=2985408273
Coilguns Addon,3788730287,Aqued.Coilguns,0,1,0,"Combat, weapons & raids",https://steamcommunity.com/sharedfiles/filedetails/?id=3788730287
Cold Tactical Gun Styles,3458282796,shazbot.shazcoldtacgunstyles,0,0,1,"Apparel, styles & cosmetics",https://steamcommunity.com/sharedfiles/filedetails/?id=3458282796
Colonist Bar Dividers,3749216803,Font.colonistbardividers,1,0,0,UI & information,https://steamcommunity.com/sharedfiles/filedetails/?id=3749216803
Colony Epitaph,3788718474,cruesoe.colonyepitaph,1,0,0,Gameplay tweaks,https://steamcommunity.com/sharedfiles/filedetails/?id=3788718474
Colored Categories (DEVELOPMENT CEASED),3323569935,ferny.coloredcategories,1,0,0,UI & information,https://steamcommunity.com/sharedfiles/filedetails/?id=3323569935
Colored deep resources,3203269467,kikohi.coloreddeepresources,1,0,0,Gameplay tweaks,https://steamcommunity.com/sharedfiles/filedetails/?id=3203269467
Comms Console Retexture,3300746978,happycam.commsconsoleretexture,1,0,0,Textures & retextures,https://steamcommunity.com/sharedfiles/filedetails/?id=3300746978
Compatibility On Hover,2911939966,smartkar.compatibilityonhover,1,0,0,Patches & compatibility,https://steamcommunity.com/sharedfiles/filedetails/?id=2911939966
Compatibility Patch for Integrated Implants and Bionic Modularity,3749402559,Blonc.ImplantModularityPatch,0,1,0,Patches & compatibility,https://steamcommunity.com/sharedfiles/filedetails/?id=3749402559
Computer Voice Gene,2987053008,Bahlivern.BeepVoiceGene,0,0,1,"Genes, xenotypes & races",https://steamcommunity.com/sharedfiles/filedetails/?id=2987053008
Concerts For All,3408965272,BattyVanthe.ConcertsForAll,1,0,0,Gameplay tweaks,https://steamcommunity.com/sharedfiles/filedetails/?id=3408965272
Configurable Deconstruct Percentage,2568850063,amch.deconstructpercentage,1,0,0,Gameplay tweaks,https://steamcommunity.com/sharedfiles/filedetails/?id=2568850063
Configurable Dynamic Weapon Cooldown,3611982780,danzinagri.configurabledynamiccooldown,1,0,0,"Combat, weapons & raids",https://steamcommunity.com/sharedfiles/filedetails/?id=3611982780
Confirm Quit to OS,3793919395,slink.confirmquittos,1,0,0,UI & information,https://steamcommunity.com/sharedfiles/filedetails/?id=3793919395
Conservationist and Polluter - Mort's Ideologies: Memes and Precepts,2936965087,mortstrudel.mortideologyenv,0,1,0,Ideology & social,https://steamcommunity.com/sharedfiles/filedetails/?id=2936965087
Consistent Gene Inheritance (1.6 VERSION),3225695697,sea.consistentgeneinheritancecontinued,1,0,0,"Genes, xenotypes & races",https://steamcommunity.com/sharedfiles/filedetails/?id=3225695697
Consistent Text,3578462306,ferny.consistenttext,1,0,0,Gameplay tweaks,https://steamcommunity.com/sharedfiles/filedetails/?id=3578462306
Consistent Textures,3586064345,ferny.consistenttextures,1,0,0,Textures & retextures,https://steamcommunity.com/sharedfiles/filedetails/?id=3586064345
Continue Button,3195912079,phoenix.continuebutton,1,0,0,Quality of life,https://steamcommunity.com/sharedfiles/filedetails/?id=3195912079
Cooking Specialist,3753995127,SierraOnline.AdvCannibal,0,1,0,Gameplay tweaks,https://steamcommunity.com/sharedfiles/filedetails/?id=3753995127
Cooler Orientation Alert,3755450701,saltgin.coolerorientationalert,1,0,0,UI & information,https://steamcommunity.com/sharedfiles/filedetails/?id=3755450701
Copy Mod-ID to Clipboard,3378714569,ferny.copymodidtoclipboard,1,0,0,Performance & tools,https://steamcommunity.com/sharedfiles/filedetails/?id=3378714569
Corpse Cleanup Ritual: Harbinger Feast,3466810423,yefreitor.harbingerfeast,0,1,0,Content & overhauls,https://steamcommunity.com/sharedfiles/filedetails/?id=3466810423
Corpse Cover,3769703665,Keshash.CorpseCover,1,0,0,Gameplay tweaks,https://steamcommunity.com/sharedfiles/filedetails/?id=3769703665
Corpse Description Fix,3639910228,ferny.corpsedescriptionfix,1,0,0,Gameplay tweaks,https://steamcommunity.com/sharedfiles/filedetails/?id=3639910228
Corpse info,2913588675,arl85.corpseinfo,1,0,0,Gameplay tweaks,https://steamcommunity.com/sharedfiles/filedetails/?id=2913588675
CorpseTab,2599842476,tikubonn.corpsetab,1,0,0,Gameplay tweaks,https://steamcommunity.com/sharedfiles/filedetails/?id=2599842476
Count Stacked Prosthetics in Recipes,3351379399,irilis.countstackedprostheticsinrecipes,1,0,0,"Genes, xenotypes & races",https://steamcommunity.com/sharedfiles/filedetails/?id=3351379399
Covered Ugly Thought Nullifier,3641680967,sk.covereduglynullifier,1,0,0,Gameplay tweaks,https://steamcommunity.com/sharedfiles/filedetails/?id=3641680967
Cowboy Hats Bloatended (Retexture + Ideology) now with Bowler Hat,3688414599,Lusty.CowboyHats,0,0,1,"Apparel, styles & cosmetics",https://steamcommunity.com/sharedfiles/filedetails/?id=3688414599
Cremate Auto Strip,1575458517,bdew.cremateautostrip,1,0,0,Gameplay tweaks,https://steamcommunity.com/sharedfiles/filedetails/?id=1575458517
Croiyaki's Deadlock Hairs,3666617471,Croiyaki.Deadlock.Hairs,0,0,1,"Hair, bodies & animations",https://steamcommunity.com/sharedfiles/filedetails/?id=3666617471
Crowns and Regalia,2585571655,canon.crownsandregalia,0,0,1,"Apparel, styles & cosmetics",https://steamcommunity.com/sharedfiles/filedetails/?id=2585571655
Crypto Coffins | Fork by [ETF],3567860241,echotidefish.cryptocoffinsforked,0,1,0,"Furniture, decor & props",https://steamcommunity.com/sharedfiles/filedetails/?id=3567860241
Cryptosleep Adaptation Gene,2898683114,endermaster567.cryptosleepadaptationgene,0,1,0,"Genes, xenotypes & races",https://steamcommunity.com/sharedfiles/filedetails/?id=2898683114
Cultural names: Stellic,3161247581,Hawkwood.CultureStellic,1,0,0,Gameplay tweaks,https://steamcommunity.com/sharedfiles/filedetails/?id=3161247581
Cut plants before building (Continued),3286376165,mlie.cutplantsbeforebuilding,1,0,0,"Building, production & storage",https://steamcommunity.com/sharedfiles/filedetails/?id=3286376165
Cute Boy Hairstyles,3538207880,ghostie.cuteboyhair,0,0,1,"Hair, bodies & animations",https://steamcommunity.com/sharedfiles/filedetails/?id=3538207880
Cuter Biotech Cat/Dog Ear Replacer,2878864038,chris.cutercatearreplacer,1,0,0,Gameplay tweaks,https://steamcommunity.com/sharedfiles/filedetails/?id=2878864038
Cyanobot's Genes,2889844371,cyanobot.CyanobotsGenes,0,1,0,"Genes, xenotypes & races",https://steamcommunity.com/sharedfiles/filedetails/?id=2889844371
Cybranian - Anomaly Lich,3721499873,DimonSever000.AnomalyLich,0,1,0,Gameplay tweaks,https://steamcommunity.com/sharedfiles/filedetails/?id=3721499873
Cybranian - Faction Interface,2854657718,dimonsever000.factioninterface.specific,1,0,0,"World, biomes, factions & travel",https://steamcommunity.com/sharedfiles/filedetails/?id=2854657718
Cybranian - Ideology Virtues,3459205505,dimonsever000.ideologyvirtues,1,0,0,Ideology & social,https://steamcommunity.com/sharedfiles/filedetails/?id=3459205505
Cybranian - Social Interface,2854221326,dimonsever000.socialinterface.specific,1,0,0,Ideology & social,https://steamcommunity.com/sharedfiles/filedetails/?id=2854221326
Cybranian - Vacworld,3540021036,dimonsever000.vacstoneworld,0,1,0,"World, biomes, factions & travel",https://steamcommunity.com/sharedfiles/filedetails/?id=3540021036
Dannie Double - Progression Storytellers,3764123359,ferny.DannieDouble,0,1,0,"Research, storytellers & progression",https://steamcommunity.com/sharedfiles/filedetails/?id=3764123359
Dark Ages : Beasts and Monsters,3472275628,van.beasts,0,1,0,Content & overhauls,https://steamcommunity.com/sharedfiles/filedetails/?id=3472275628
Dark Ages : Crypts and Tombs,2963826335,van.dacrypts,0,1,0,Content & overhauls,https://steamcommunity.com/sharedfiles/filedetails/?id=2963826335
Dark Psychic Rituals: The Following,3596468709,dprtf.darkpsychicrituals.sentinel,0,1,0,Ideology & social,https://steamcommunity.com/sharedfiles/filedetails/?id=3596468709
Dark Psychic Rituals: The Following (Retexture),3720400596,morton.RetextureDarkPsychicRitualsTF,0,1,0,Textures & retextures,https://steamcommunity.com/sharedfiles/filedetails/?id=3720400596
Davai's Sorted Categories,3419053173,davai.sortedcategories,1,0,0,UI & information,https://steamcommunity.com/sharedfiles/filedetails/?id=3419053173
DBH & VFEC/Hot Spring Compatibility,2949772583,nightmare.dbhhotspringcompatibility,1,0,0,Patches & compatibility,https://steamcommunity.com/sharedfiles/filedetails/?id=2949772583
Death Acidifiest,2835241835,petetimessix.deathacidifiest,1,0,0,Gameplay tweaks,https://steamcommunity.com/sharedfiles/filedetails/?id=2835241835
Death-Sentence,3419669410,scorpio.deathsentence,1,0,0,Gameplay tweaks,https://steamcommunity.com/sharedfiles/filedetails/?id=3419669410
Deathrest Pauses Biological Age,2940569974,crykosity.deathrest,1,0,0,"Medical, needs & hygiene",https://steamcommunity.com/sharedfiles/filedetails/?id=2940569974
Debt-Bound Gravship,3529144158,rer.gravshiploanscenario,0,1,0,"Vehicles, gravships & mechs",https://steamcommunity.com/sharedfiles/filedetails/?id=3529144158
Deck 2,3779460145,alt4s.Deck2,0,0,1,"Apparel, styles & cosmetics",https://steamcommunity.com/sharedfiles/filedetails/?id=3779460145
Declutter UI,3649094165,sk.dmbb,1,0,0,UI & information,https://steamcommunity.com/sharedfiles/filedetails/?id=3649094165
Deconstruct First,1567338829,fozzy107.deconstructhfirst,1,0,0,Gameplay tweaks,https://steamcommunity.com/sharedfiles/filedetails/?id=1567338829
Decor into Props,3771248988,ferny.decorintoprops,1,0,0,"Furniture, decor & props",https://steamcommunity.com/sharedfiles/filedetails/?id=3771248988
Decor into Styles,3771249138,ferny.decorintostyles,1,0,0,"Furniture, decor & props",https://steamcommunity.com/sharedfiles/filedetails/?id=3771249138
Decorations and dishes at Gorgeous banquet,3027639868,mo.decorationsluxury,0,0,1,"Furniture, decor & props",https://steamcommunity.com/sharedfiles/filedetails/?id=3027639868
Deep Pills,3758899296,ODs.DeepPills,1,0,0,Gameplay tweaks,https://steamcommunity.com/sharedfiles/filedetails/?id=3758899296
Defensive Positions,761219125,unlimitedhugs.defensivepositions,1,0,0,"Combat, weapons & raids",https://steamcommunity.com/sharedfiles/filedetails/?id=761219125
Dependency Overdose Fix,3421951605,thecaffiend.overdosedependencyfix,1,0,0,Gameplay tweaks,https://steamcommunity.com/sharedfiles/filedetails/?id=3421951605
Deselect Zone,3328706359,cheesex.deselectzone,1,0,0,Quality of life,https://steamcommunity.com/sharedfiles/filedetails/?id=3328706359
Designations Tooltip,3743959668,CheaterEater.DesignationsTooltip,1,0,0,UI & information,https://steamcommunity.com/sharedfiles/filedetails/?id=3743959668
Det's Xenotypes - Avaloi,3199692643,det.avaloi,0,1,0,"Genes, xenotypes & races",https://steamcommunity.com/sharedfiles/filedetails/?id=3199692643
Det's Xenotypes - Boglegs,3146564944,det.boglegs,0,1,0,"Genes, xenotypes & races",https://steamcommunity.com/sharedfiles/filedetails/?id=3146564944
Det's Xenotypes - Brawnum,3429572581,det.brawnum,0,1,0,"Genes, xenotypes & races",https://steamcommunity.com/sharedfiles/filedetails/?id=3429572581
Det's Xenotypes - Half-foot,3530817307,det.halffoot,0,1,0,"Genes, xenotypes & races",https://steamcommunity.com/sharedfiles/filedetails/?id=3530817307
Det's Xenotypes - Keshig,3376864722,det.keshig,0,1,0,"Genes, xenotypes & races",https://steamcommunity.com/sharedfiles/filedetails/?id=3376864722
Det's Xenotypes - Stoneborn,2888722722,det.stoneborn,0,1,0,"Genes, xenotypes & races",https://steamcommunity.com/sharedfiles/filedetails/?id=2888722722
Det's Xenotypes - Venators,3140248688,det.venators,0,1,0,"Genes, xenotypes & races",https://steamcommunity.com/sharedfiles/filedetails/?id=3140248688
Det's Xenotypes for [NL] Facial Animation,3565987465,det.facialanimation,0,0,1,"Hair, bodies & animations",https://steamcommunity.com/sharedfiles/filedetails/?id=3565987465
Dev Mode Above Select Starting Site,3757947970,dorbo.dmasss,1,0,0,Performance & tools,https://steamcommunity.com/sharedfiles/filedetails/?id=3757947970
Dev QOL,3664953620,seneaL.mod.qoldev,1,0,0,Quality of life,https://steamcommunity.com/sharedfiles/filedetails/?id=3664953620
Development Keybinds,3620311179,ferny.developmentkeybinds,1,0,0,UI & information,https://steamcommunity.com/sharedfiles/filedetails/?id=3620311179
Development Mode Hotkey,3009274839,nightmare.devmodehotkey,1,0,0,UI & information,https://steamcommunity.com/sharedfiles/filedetails/?id=3009274839
Devourer Escape Gene,3783780424,zest.devourerescapegene,0,1,0,"Genes, xenotypes & races",https://steamcommunity.com/sharedfiles/filedetails/?id=3783780424
Die for me (Continued),2403695576,mlie.dieforme,0,1,0,Gameplay tweaks,https://steamcommunity.com/sharedfiles/filedetails/?id=2403695576
Dignified Empire Names,3530589531,goosechoosesviolence.empirenames,1,0,0,Gameplay tweaks,https://steamcommunity.com/sharedfiles/filedetails/?id=3530589531
Diner Supplies,3501336537,dsp.lun,0,0,1,"Apparel, styles & cosmetics",https://steamcommunity.com/sharedfiles/filedetails/?id=3501336537
Ding On Game Loaded,2425530959,mlie.dingongameloaded,1,0,0,Gameplay tweaks,https://steamcommunity.com/sharedfiles/filedetails/?id=2425530959
Dire Raids (Continued),3259909708,mlie.direraids,1,0,0,"Combat, weapons & raids",https://steamcommunity.com/sharedfiles/filedetails/?id=3259909708
"Disable Animated Marsh | Clean Textures - VTE, Regrowth Compatibility Patch",3526204611,koberiddle.disableanimatedmarsh,1,0,0,Textures & retextures,https://steamcommunity.com/sharedfiles/filedetails/?id=3526204611
Disable Automatically Select Travel Supplies,2856472581,flangopink.disableautoselecttravelsupplies,1,0,0,Quality of life,https://steamcommunity.com/sharedfiles/filedetails/?id=2856472581
Disco!,2436747646,co.uk.epicguru.disco,0,1,0,Content & overhauls,https://steamcommunity.com/sharedfiles/filedetails/?id=2436747646
Discontinued  - Animal Medical Bed,2880353853,neceros.animalmedicalbed,0,1,0,Animals,https://steamcommunity.com/sharedfiles/filedetails/?id=2880353853
Discoveries,3655992052,ferny.Discoveries,1,0,0,"Research, storytellers & progression",https://steamcommunity.com/sharedfiles/filedetails/?id=3655992052
Dismiss Beggars,3779519901,Linnun.dismissbeggars,1,0,0,Ideology & social,https://steamcommunity.com/sharedfiles/filedetails/?id=3779519901
DLG. Mutations behind ][ Mutated limbs grow from the back ][ off the back ][ Anomaly redalgamored,3637525997,dlg.mutation.behind,1,0,0,Gameplay tweaks,https://steamcommunity.com/sharedfiles/filedetails/?id=3637525997
Do The Rituals Yourselves,3511385838,woolyung.dotheritualsyourselves,1,0,0,Ideology & social,https://steamcommunity.com/sharedfiles/filedetails/?id=3511385838
Do Your F****** Research,3523205869,md.prioritizeresearch,1,0,0,UI & information,https://steamcommunity.com/sharedfiles/filedetails/?id=3523205869
Don't Mix Cosmetic Genes,3621282829,wara.dontmixcosmeticgenes,1,0,0,"Genes, xenotypes & races",https://steamcommunity.com/sharedfiles/filedetails/?id=3621282829
Don't Swim in Marsh,3648932221,saltgin.dontswiminmarsh,1,0,0,Gameplay tweaks,https://steamcommunity.com/sharedfiles/filedetails/?id=3648932221
DragSelect,2599942235,telardo.dragselect,1,0,0,Quality of life,https://steamcommunity.com/sharedfiles/filedetails/?id=2599942235
Draw From Center,3553713342,rabiosus.DrawFromCenter,1,0,0,Gameplay tweaks,https://steamcommunity.com/sharedfiles/filedetails/?id=3553713342
Draw It,3658946017,Officer.DrawIt,1,0,0,Gameplay tweaks,https://steamcommunity.com/sharedfiles/filedetails/?id=3658946017
Dress a Corpse,3663042682,HonestClark.DressACorpse,1,0,0,Gameplay tweaks,https://steamcommunity.com/sharedfiles/filedetails/?id=3663042682
Dress for the Weather (Continued),3607724833,mlie.dressfortheweather,1,0,0,Quality of life,https://steamcommunity.com/sharedfiles/filedetails/?id=3607724833
Dresses in the Rim,3138641568,hartarok.dresses,0,0,1,"Apparel, styles & cosmetics",https://steamcommunity.com/sharedfiles/filedetails/?id=3138641568
Drop FX,2891225472,longercfloor.mortarfx,1,0,0,Textures & retextures,https://steamcommunity.com/sharedfiles/filedetails/?id=2891225472
Drug Policy Search,3693258313,sk.drugpolicysearch,1,0,0,UI & information,https://steamcommunity.com/sharedfiles/filedetails/?id=3693258313
Dryads & Gauranlen Trees Rework + Vanilla Ideology Expanded - Dryads: Compatibility - Greater Dryads,3341104907,redmattis.dryads.greater,1,0,0,Vanilla Expanded,https://steamcommunity.com/sharedfiles/filedetails/?id=3341104907
Dryads & Gauranlen Trees Reworked,3334448055,redmattis.dryads,1,0,0,Animals,https://steamcommunity.com/sharedfiles/filedetails/?id=3334448055
Dub's Paint Shop,1579516669,dubwise.dubspaintshop,1,0,0,Textures & retextures,https://steamcommunity.com/sharedfiles/filedetails/?id=1579516669
Dubs Bad Hygiene,836308268,dubwise.dubsbadhygiene,1,0,0,Content & overhauls,https://steamcommunity.com/sharedfiles/filedetails/?id=836308268
Dubs Bad Hygiene - Stop pathing through pools,3650218489,Feivian.DubsBadHygienePatch,1,0,0,Content & overhauls,https://steamcommunity.com/sharedfiles/filedetails/?id=3650218489
Dubs Bad Hygiene: StallDoorFix,3451039220,Q.DubsHygiene.StallDoorFix,1,0,0,Content & overhauls,https://steamcommunity.com/sharedfiles/filedetails/?id=3451039220
Dubs Break Mod,1722398508,dubwise.dubsbreakmod,1,0,0,Content & overhauls,https://steamcommunity.com/sharedfiles/filedetails/?id=1722398508
Dubs Mint Menus,1446523594,dubwise.dubsmintmenus,1,0,0,Content & overhauls,https://steamcommunity.com/sharedfiles/filedetails/?id=1446523594
Dubs Mint Menus Recipe Right Click Open InfoCard,3151252341,runningbugs.dubsmenusrightclickaction,1,0,0,Content & overhauls,https://steamcommunity.com/sharedfiles/filedetails/?id=3151252341
Dubs Performance Analyzer,2038874626,dubwise.dubsperformanceanalyzer.steam,1,0,0,Content & overhauls,https://steamcommunity.com/sharedfiles/filedetails/?id=2038874626
Dumbs' Dachshunds (Continued),3646509270,zal.dumbsdachshunds,0,1,0,Animals,https://steamcommunity.com/sharedfiles/filedetails/?id=3646509270
Dune Style Pack,2993301551,dsp.halituisamaricanous,0,0,1,"Apparel, styles & cosmetics",https://steamcommunity.com/sharedfiles/filedetails/?id=2993301551
EBSG Framework,3112549163,ebsg.framework,1,0,0,Frameworks & libraries,https://steamcommunity.com/sharedfiles/filedetails/?id=3112549163
Eccentric Extras - Beach Stuff,3066838193,aelanna.eccentrictech.beachstuff,0,1,0,Content & overhauls,https://steamcommunity.com/sharedfiles/filedetails/?id=3066838193
Echoes of the Rim,3573196843,ghastly.echoesoftherim,1,0,0,Gameplay tweaks,https://steamcommunity.com/sharedfiles/filedetails/?id=3573196843
Effective Lumbering,1589124288,V1024.EffectiveLumbering,1,0,0,"Building, production & storage",https://steamcommunity.com/sharedfiles/filedetails/?id=1589124288
Electric Igniter,1716086112,SpessCarp.ElectricIgniter,0,1,0,Gameplay tweaks,https://steamcommunity.com/sharedfiles/filedetails/?id=1716086112
Electric Igniter (Retexture),3726460837,morton.RetextureElectricIgniter,0,1,0,Textures & retextures,https://steamcommunity.com/sharedfiles/filedetails/?id=3726460837
Electrical Grid Toggler,2681860997,gondragon.electricgrid,1,0,0,"Building, production & storage",https://steamcommunity.com/sharedfiles/filedetails/?id=2681860997
Elk Retexture,3611519781,kill5n.elkretexture,1,0,0,Textures & retextures,https://steamcommunity.com/sharedfiles/filedetails/?id=3611519781
Elosth's Pawn Presets,3719680719,Elosth.PawnPresets,1,0,0,Gameplay tweaks,https://steamcommunity.com/sharedfiles/filedetails/?id=3719680719
Eltex Weaponry (Continued),3532192464,zal.eltexweaponry,0,1,0,"Combat, weapons & raids",https://steamcommunity.com/sharedfiles/filedetails/?id=3532192464
Enhanced Vanilla Gun Sounds Revived,3003419651,bonible.vanilla.gun.sound.replacement,1,0,0,Audio & music,https://steamcommunity.com/sharedfiles/filedetails/?id=3003419651
Enhanced Vat Learning,3551263267,ninagoblin.enhancedvatlearning,0,1,0,Gameplay tweaks,https://steamcommunity.com/sharedfiles/filedetails/?id=3551263267
Epochs - Golems,3609646528,det.epochsgolems,0,1,0,Content & overhauls,https://steamcommunity.com/sharedfiles/filedetails/?id=3609646528
Epochs - Incense,3072579620,det.epochsincense,0,1,0,Content & overhauls,https://steamcommunity.com/sharedfiles/filedetails/?id=3072579620
Epochs - Pyrinth,3336544632,det.epochspyrinth,0,1,0,Content & overhauls,https://steamcommunity.com/sharedfiles/filedetails/?id=3336544632
EPOE-Forked: Expanded Prosthetics and Organ Engineering - Forked,1949064302,vat.epoeforked,0,1,0,Content & overhauls,https://steamcommunity.com/sharedfiles/filedetails/?id=1949064302
EPOE-Forked: Royalty DLC expansion,2008970276,vat.epoeforkedroyalty,0,1,0,Content & overhauls,https://steamcommunity.com/sharedfiles/filedetails/?id=2008970276
Erin Eccentric,2967829336,erin.storyteller,0,1,0,Content & overhauls,https://steamcommunity.com/sharedfiles/filedetails/?id=2967829336
Erin's Decorations,2463358089,erin.decorations,0,0,1,"Furniture, decor & props",https://steamcommunity.com/sharedfiles/filedetails/?id=2463358089
Erin's Fluffy Fauna,3521909777,erin.fluffyfauna,0,1,0,Animals,https://steamcommunity.com/sharedfiles/filedetails/?id=3521909777
Erin's Great Pyrenean Mountain Dogs,2761001056,Erin.MountainDog,0,1,0,Gameplay tweaks,https://steamcommunity.com/sharedfiles/filedetails/?id=2761001056
Erin's Hairstyles - Redux,2361911135,erin.hairredux,0,0,1,"Hair, bodies & animations",https://steamcommunity.com/sharedfiles/filedetails/?id=2361911135
Erin's Hairstyles 2,2849477421,erin.hair2,0,0,1,"Hair, bodies & animations",https://steamcommunity.com/sharedfiles/filedetails/?id=2849477421
Erin's Japanese Furniture,2354938860,erin.japanesefurniture,0,0,1,"Furniture, decor & props",https://steamcommunity.com/sharedfiles/filedetails/?id=2354938860
Even Storage,3684119183,custom.evenstorage,1,0,0,"Building, production & storage",https://steamcommunity.com/sharedfiles/filedetails/?id=3684119183
Eventide Warcasket,3536153812,notdvd.eventide,0,1,0,"Combat, weapons & raids",https://steamcommunity.com/sharedfiles/filedetails/?id=3536153812
Everybody Gets One - Continued,3530806680,memegoddess.everybodygetsone,1,0,0,Quality of life,https://steamcommunity.com/sharedfiles/filedetails/?id=3530806680
Explosive Radius (Continued),2986987463,mlie.explosiveradius,1,0,0,Gameplay tweaks,https://steamcommunity.com/sharedfiles/filedetails/?id=2986987463
Export and Import Mod Settings,2937876372,mlie.exportandimportmodsettings,1,0,0,Performance & tools,https://steamcommunity.com/sharedfiles/filedetails/?id=2937876372
Extinguisher Drone,3555852714,rabiosus.extinguisherdrone,0,1,0,Gameplay tweaks,https://steamcommunity.com/sharedfiles/filedetails/?id=3555852714
Extra Explosion Effects,3066208882,keshash.extraexplosioneffects,0,0,1,"Apparel, styles & cosmetics",https://steamcommunity.com/sharedfiles/filedetails/?id=3066208882
Extra Vehicle Patterns,3204141401,atomicrobot.extravehiclepatterns,0,0,1,"Vehicles, gravships & mechs",https://steamcommunity.com/sharedfiles/filedetails/?id=3204141401
EyeGenes3,3745223213,lucius.eyegenes3,0,0,1,"Genes, xenotypes & races",https://steamcommunity.com/sharedfiles/filedetails/?id=3745223213
Face Down,2589144866,verniy709.facedown,1,0,0,Gameplay tweaks,https://steamcommunity.com/sharedfiles/filedetails/?id=2589144866
Facial Animation Performance Patch,3790129900,astryl.FacialAnimationPerformancePatch,0,0,1,"Hair, bodies & animations",https://steamcommunity.com/sharedfiles/filedetails/?id=3790129900
Faction Display Fix,3617583630,wara.factiondisplayfix,1,0,0,"World, biomes, factions & travel",https://steamcommunity.com/sharedfiles/filedetails/?id=3617583630
Faction Lens,3778464096,CoolNether123.FactionLens,1,0,0,"World, biomes, factions & travel",https://steamcommunity.com/sharedfiles/filedetails/?id=3778464096
Faction Territories and Vassalage,3626725895,jaeger972.factionterritories,1,0,0,"World, biomes, factions & travel",https://steamcommunity.com/sharedfiles/filedetails/?id=3626725895
Faction Territories Patches,3768849805,lucius.ftfps,1,0,0,Patches & compatibility,https://steamcommunity.com/sharedfiles/filedetails/?id=3768849805
Fahrenheit and Celsius,937759575,kosaro.fahrenheitandcelsius,1,0,0,Gameplay tweaks,https://steamcommunity.com/sharedfiles/filedetails/?id=937759575
Fast Author Confirm (Continued),2008011990,mlie.fastauthorconfirm,1,0,0,Gameplay tweaks,https://steamcommunity.com/sharedfiles/filedetails/?id=2008011990
Features Gap Fix,3753339482,ferny.featuresgapfix,0,1,0,Gameplay tweaks,https://steamcommunity.com/sharedfiles/filedetails/?id=3753339482
FEB's Biopunk Livestock,3556058978,feb.biopunklivestock,0,1,0,Animals,https://steamcommunity.com/sharedfiles/filedetails/?id=3556058978
Female Body Variants Continued,3798082132,tiagocc0.FemaleBodyVariants,1,0,0,"Hair, bodies & animations",https://steamcommunity.com/sharedfiles/filedetails/?id=3798082132
FemaleApparelVariants,3511966169,tiagocc0.femaleapparelvariants,1,0,0,"Apparel, styles & cosmetics",https://steamcommunity.com/sharedfiles/filedetails/?id=3511966169
Ferny Frantic - Progression Storytellers,3366158950,ferny.FernyFranticProgressionStorytellers,0,1,0,"Research, storytellers & progression",https://steamcommunity.com/sharedfiles/filedetails/?id=3366158950
Ferny's Mod Configs,3256902751,ferny.modconfigs,1,0,0,Gameplay tweaks,https://steamcommunity.com/sharedfiles/filedetails/?id=3256902751
Fire At Will Gizmo - Evolving Retexture,3770020686,zohryu.fireatwillgizmo.evolving,1,0,0,Textures & retextures,https://steamcommunity.com/sharedfiles/filedetails/?id=3770020686
FirefliesTwo,3347026598,scurvyez.firefliestwo,0,1,0,Gameplay tweaks,https://steamcommunity.com/sharedfiles/filedetails/?id=3347026598
Firefoam Things,2885014197,mosi.FirefoamThings,0,1,0,Gameplay tweaks,https://steamcommunity.com/sharedfiles/filedetails/?id=2885014197
Fireworks,2922179297,telardo.fireworks,0,1,0,Gameplay tweaks,https://steamcommunity.com/sharedfiles/filedetails/?id=2922179297
FirmamentFX,3781872865,dorbo.firmamentfx,0,0,1,"Apparel, styles & cosmetics",https://steamcommunity.com/sharedfiles/filedetails/?id=3781872865
Fish Until Gizmo,3777179657,Axolki.FishUntil,1,0,0,UI & information,https://steamcommunity.com/sharedfiles/filedetails/?id=3777179657
Fishing Decorative Retexture,3256420234,draegon.fishingdecoretex,0,0,1,"Furniture, decor & props",https://steamcommunity.com/sharedfiles/filedetails/?id=3256420234
Fists Aren't Made of Steel,2845980214,aelanna.fistnerf,1,0,0,Gameplay tweaks,https://steamcommunity.com/sharedfiles/filedetails/?id=2845980214
Fix Styled Blueprints,2957953663,kathanon.fixstyledblueprints,1,0,0,"Building, production & storage",https://steamcommunity.com/sharedfiles/filedetails/?id=2957953663
Flickable Storage,2497907804,mlie.flickablestorage,1,0,0,"Building, production & storage",https://steamcommunity.com/sharedfiles/filedetails/?id=2497907804
Float Sub-Menus,2864015430,kathanon.floatsubmenu,1,0,0,UI & information,https://steamcommunity.com/sharedfiles/filedetails/?id=2864015430
Flood Fill Shape,3534423645,merthsoft.designatorshapes.floodfill,1,0,0,Quality of life,https://steamcommunity.com/sharedfiles/filedetails/?id=3534423645
Floor Pipette Tool,3706877822,ferny.FloorPipetteTool,1,0,0,"Building, production & storage",https://steamcommunity.com/sharedfiles/filedetails/?id=3706877822
Flooring Floors,3531114826,ks.flooringfloors,0,1,0,"Building, production & storage",https://steamcommunity.com/sharedfiles/filedetails/?id=3531114826
Floors Are (Absolutely) Worthless,2960126462,hawkwood.floorsarealmostworthless,1,0,0,"Building, production & storage",https://steamcommunity.com/sharedfiles/filedetails/?id=2960126462
Floors Scale&Offset,3759130720,sirkostya.flooroffsetarea,0,0,1,"Building, production & storage",https://steamcommunity.com/sharedfiles/filedetails/?id=3759130720
Fluffy Breakdowns 1.6 (fork with VGrE support),3654021202,Fluffy.FluffyBreakdowns,1,0,0,Gameplay tweaks,https://steamcommunity.com/sharedfiles/filedetails/?id=3654021202
Follow Target,3555423377,chaoticenrico.followtarget,1,0,0,Quality of life,https://steamcommunity.com/sharedfiles/filedetails/?id=3555423377
Food Alert (Continued),2017538067,mlie.foodalert,1,0,0,UI & information,https://steamcommunity.com/sharedfiles/filedetails/?id=2017538067
Food Poison Nerf,2877374009,geraldoravioli.foodpoisonnerf,1,0,0,"Medical, needs & hygiene",https://steamcommunity.com/sharedfiles/filedetails/?id=2877374009
Food Poisoning Stack Fix (Continued),2843483188,mlie.foodpoisoningstackfix,1,0,0,"Medical, needs & hygiene",https://steamcommunity.com/sharedfiles/filedetails/?id=2843483188
Foot Traffic Heatmap,3240217316,missionz3r0.foottrafficheatmap,1,0,0,Gameplay tweaks,https://steamcommunity.com/sharedfiles/filedetails/?id=3240217316
Footsteps,3728675951,ferny.noderesearch,1,0,0,Audio & music,https://steamcommunity.com/sharedfiles/filedetails/?id=3728675951
Force Xenogerm Implantation,3261498531,cyber.forcexenogermimplantation,1,0,0,"Genes, xenotypes & races",https://steamcommunity.com/sharedfiles/filedetails/?id=3261498531
Forgetful Mech Resurrection,3766269434,MrHydralisk.ForgetfulMechResurrection,1,0,0,"Vehicles, gravships & mechs",https://steamcommunity.com/sharedfiles/filedetails/?id=3766269434
Form and Function Hairstyle,3785728415,ntxt.hair.formandfunction,0,0,1,"Hair, bodies & animations",https://steamcommunity.com/sharedfiles/filedetails/?id=3785728415
Forsaken Faction For Alpha Genes,3367948914,Matsay.ForsakenFaction,0,1,0,"World, biomes, factions & travel",https://steamcommunity.com/sharedfiles/filedetails/?id=3367948914
Foxes Aren't Suicidal(continued),2094250578,foxesnosuicide.velcroboy333,1,0,0,Animals,https://steamcommunity.com/sharedfiles/filedetails/?id=2094250578
FPS Stabilizer,3318922522,matvey24.fpsstabilizer,1,0,0,Performance & tools,https://steamcommunity.com/sharedfiles/filedetails/?id=3318922522
Free UI Scaling,3756809055,ferny.FreeUIScaling,1,0,0,UI & information,https://steamcommunity.com/sharedfiles/filedetails/?id=3756809055
Friendly Fire Tweaks (Continued),3591533573,zal.friendlyfiretweaks,1,0,0,"Combat, weapons & raids",https://steamcommunity.com/sharedfiles/filedetails/?id=3591533573
FriendRivalPatch,3228780918,side1iner.friendrivalpatch,1,0,0,Patches & compatibility,https://steamcommunity.com/sharedfiles/filedetails/?id=3228780918
FSharp.Core,2059725183,latta.fsharp.core,1,0,0,Frameworks & libraries,https://steamcommunity.com/sharedfiles/filedetails/?id=2059725183
Fuck Embrasures,3294810484,ferny.fuckembrasures,1,0,0,Gameplay tweaks,https://steamcommunity.com/sharedfiles/filedetails/?id=3294810484
Fuck Learning Helper,3608746864,ferny.fucklearninghelper,1,0,0,Gameplay tweaks,https://steamcommunity.com/sharedfiles/filedetails/?id=3608746864
Fuck Psytrainers 2,3582261920,turkler.ferny.fuckpsytrainerstwo,1,0,0,Gameplay tweaks,https://steamcommunity.com/sharedfiles/filedetails/?id=3582261920
Garage Doors Expanded,3282003939,nuanki.garagedoorsexpanded,1,0,0,"Building, production & storage",https://steamcommunity.com/sharedfiles/filedetails/?id=3282003939
Gastronomy (Continued),3509488152,orion.gastronomy,0,1,0,Content & overhauls,https://steamcommunity.com/sharedfiles/filedetails/?id=3509488152
Geist Xenotype,3564732214,Sov.Tenmo,0,1,0,"Genes, xenotypes & races",https://steamcommunity.com/sharedfiles/filedetails/?id=3564732214
Genderbending Corrupted Obelisk,3350774891,Abraxas.Genderbending.Corrupted.Obelisk,1,0,0,Gameplay tweaks,https://steamcommunity.com/sharedfiles/filedetails/?id=3350774891
Gene Bank Indicators,3265067908,leoltron.genebankindicators,1,0,0,"Genes, xenotypes & races",https://steamcommunity.com/sharedfiles/filedetails/?id=3265067908
Gene Extractor Log,3706000694,East.GeneExtractorLog,1,0,0,"Genes, xenotypes & races",https://steamcommunity.com/sharedfiles/filedetails/?id=3706000694
Gene Ledger,3673202834,Zhuma.GeneLedger,1,0,0,"Genes, xenotypes & races",https://steamcommunity.com/sharedfiles/filedetails/?id=3673202834
Gene Ripper,3524806362,defi.generipper,0,1,0,"Genes, xenotypes & races",https://steamcommunity.com/sharedfiles/filedetails/?id=3524806362
Gene-Ripper Gene,3596481890,jaeger972.generippergene,0,1,0,"Genes, xenotypes & races",https://steamcommunity.com/sharedfiles/filedetails/?id=3596481890
Generally More Research,3613068789,ferny.generallymoreresearch,1,0,0,UI & information,https://steamcommunity.com/sharedfiles/filedetails/?id=3613068789
Genetic Biotech for Facial Animation,3501317537,sd.fa.geneticheadsbiotech,0,0,1,"Hair, bodies & animations",https://steamcommunity.com/sharedfiles/filedetails/?id=3501317537
Genetic Heads Framework for [NL] Facial Animation,3498759997,sd.fa.geneticheadsframework,0,0,1,Frameworks & libraries,https://steamcommunity.com/sharedfiles/filedetails/?id=3498759997
Genetic Mods for Facial Animation,3501317734,sd.fa.geneticheadsmods,0,0,1,"Hair, bodies & animations",https://steamcommunity.com/sharedfiles/filedetails/?id=3501317734
Genetics! Mushkin,3694372857,BiomesTeam.GeneticsMushkin,0,1,0,"Genes, xenotypes & races",https://steamcommunity.com/sharedfiles/filedetails/?id=3694372857
Geological Landforms,2773943594,m00nl1ght.geologicallandforms,1,0,0,"World, biomes, factions & travel",https://steamcommunity.com/sharedfiles/filedetails/?id=2773943594
Gerrymon's Cannibal Style,3432956417,gm.cannibal.style,0,0,1,"Apparel, styles & cosmetics",https://steamcommunity.com/sharedfiles/filedetails/?id=3432956417
Gerrymon's Erotic Style,3273776545,gm.erotic.style,0,0,1,"Apparel, styles & cosmetics",https://steamcommunity.com/sharedfiles/filedetails/?id=3273776545
Gerrymon's Greekcore Style,3666883698,Gerrymon.GreekcoreStyle,0,0,1,"Apparel, styles & cosmetics",https://steamcommunity.com/sharedfiles/filedetails/?id=3666883698
Gerrymon's Misc Props: Adult Life,3788600107,VanillaExpanded.VFEPropsandDecor,0,0,1,"Furniture, decor & props",https://steamcommunity.com/sharedfiles/filedetails/?id=3788600107
Gerrymon's Misc Props: Dungeon,3772571876,VanillaExpanded.VFEPropsandDecor,0,0,1,"Furniture, decor & props",https://steamcommunity.com/sharedfiles/filedetails/?id=3772571876
Gerrymon's Misc Props: Fences,3797400517,GMMP.Fences,0,0,1,"Furniture, decor & props",https://steamcommunity.com/sharedfiles/filedetails/?id=3797400517
Gerrymon's Misc Props: Graveyard,3780458386,VanillaExpanded.VFEPropsandDecor,0,0,1,"Furniture, decor & props",https://steamcommunity.com/sharedfiles/filedetails/?id=3780458386
Gerrymon's Nautian Style,3147664706,gm.nautian.style,0,0,1,"Apparel, styles & cosmetics",https://steamcommunity.com/sharedfiles/filedetails/?id=3147664706
Gerrymon's Upscaled Vanilla Textures,3276562906,gerrymon.uvt,1,0,0,Textures & retextures,https://steamcommunity.com/sharedfiles/filedetails/?id=3276562906
Get Out Of My Chair!,3119651616,aelanna.getoutofmychair,1,0,0,"Hair, bodies & animations",https://steamcommunity.com/sharedfiles/filedetails/?id=3119651616
Ghoul Corpse Filter,3264196725,rabiosus.ghoulcorpsefilter,1,0,0,Gameplay tweaks,https://steamcommunity.com/sharedfiles/filedetails/?id=3264196725
Ghouls Prefer Twisted Meat,3230171961,doug.ghoulsprefertwistedmeat,1,0,0,Gameplay tweaks,https://steamcommunity.com/sharedfiles/filedetails/?id=3230171961
Giddy-Up 2 - Continued,3674332861,MemeGoddess.GiddyUp,1,0,0,Animals,https://steamcommunity.com/sharedfiles/filedetails/?id=3674332861
Give up your building (Continued),2564783983,mlie.giveupyourbuilding,1,0,0,"Building, production & storage",https://steamcommunity.com/sharedfiles/filedetails/?id=2564783983
Glittertech Expansion,3522676478,ushanka.glittertechexpansion,0,1,0,Content & overhauls,https://steamcommunity.com/sharedfiles/filedetails/?id=3522676478
Gloomy Dress (Unofficial),2187064189,Mouse.gloomydress,0,0,1,"Apparel, styles & cosmetics",https://steamcommunity.com/sharedfiles/filedetails/?id=2187064189
Glowing eyes genes,3023336989,lts.geg,0,0,1,"Genes, xenotypes & races",https://steamcommunity.com/sharedfiles/filedetails/?id=3023336989
Glowing Eyes Height And Tick Fix,3786319835,DanZinagri.GlowingEyesScaled,0,0,1,"Apparel, styles & cosmetics",https://steamcommunity.com/sharedfiles/filedetails/?id=3786319835
Glowpods Use Darklight,2738028630,Mlie.GlowpodsUseDarklight,1,0,0,Gameplay tweaks,https://steamcommunity.com/sharedfiles/filedetails/?id=2738028630
Go Explore!,1814100216,albion.goexplore,1,0,0,"World, biomes, factions & travel",https://steamcommunity.com/sharedfiles/filedetails/?id=1814100216
Go the Fork to Sleep,3523734445,md.gotosleep,1,0,0,Gameplay tweaks,https://steamcommunity.com/sharedfiles/filedetails/?id=3523734445
Gojis-Misc-Genes,3775114861,Goji.GojisMiscGenes,0,1,0,"Genes, xenotypes & races",https://steamcommunity.com/sharedfiles/filedetails/?id=3775114861
Goliann Facial Animation,3731047035,lucius.goliannfa,0,0,1,"Hair, bodies & animations",https://steamcommunity.com/sharedfiles/filedetails/?id=3731047035
Goliann Xenotype,3541961078,Sov.Goliann,0,1,0,"Genes, xenotypes & races",https://steamcommunity.com/sharedfiles/filedetails/?id=3541961078
Goodwill Preview,3695225114,bluebird.goodwillpreview,1,0,0,Ideology & social,https://steamcommunity.com/sharedfiles/filedetails/?id=3695225114
Graphic Chair Overhaul 2,2982680251,sicafe.chair.overhaul,1,0,0,"Hair, bodies & animations",https://steamcommunity.com/sharedfiles/filedetails/?id=2982680251
Gravship Captain Set,3528780638,kilo.capvachelm,0,1,0,"Vehicles, gravships & mechs",https://steamcommunity.com/sharedfiles/filedetails/?id=3528780638
Gravship Cutscene Speed,3787398983,asunib.GravshipCutsceneSpeed,1,0,0,"Vehicles, gravships & mechs",https://steamcommunity.com/sharedfiles/filedetails/?id=3787398983
Graying Hair,2807132773,arkymn.agingvisuals,1,0,0,"Hair, bodies & animations",https://steamcommunity.com/sharedfiles/filedetails/?id=2807132773
Grazing Area,3769685249,gguake.grazingarea,1,0,0,Gameplay tweaks,https://steamcommunity.com/sharedfiles/filedetails/?id=3769685249
Grenade Sacrifice,3756541604,Legator.GrenadeSacrifice,1,0,0,"Combat, weapons & raids",https://steamcommunity.com/sharedfiles/filedetails/?id=3756541604
Grimstone : Beasts 1.6 (Forked),3535302121,abrolo.grimstone.beasts,0,1,0,Content & overhauls,https://steamcommunity.com/sharedfiles/filedetails/?id=3535302121
Ground Targeter 1.6 [temp],3525070588,sclarke.groundtargeter1.6temp,1,0,0,Gameplay tweaks,https://steamcommunity.com/sharedfiles/filedetails/?id=3525070588
GroundClear,2013560306,freemapa.groundclear,1,0,0,Gameplay tweaks,https://steamcommunity.com/sharedfiles/filedetails/?id=2013560306
Guarding Pawns,3114183220,thek.guardingp,1,0,0,Gameplay tweaks,https://steamcommunity.com/sharedfiles/filedetails/?id=3114183220
Guarding Pawns - Subtle Spots,3422991870,subtleguardspots.odevil,1,0,0,Gameplay tweaks,https://steamcommunity.com/sharedfiles/filedetails/?id=3422991870
Gunlink sucks less,3417891982,Kimo.Gunlink,1,0,0,Gameplay tweaks,https://steamcommunity.com/sharedfiles/filedetails/?id=3417891982
Gunplay,2034896549,automatic.gunplay,1,0,0,"Combat, weapons & raids",https://steamcommunity.com/sharedfiles/filedetails/?id=2034896549
Hacking Expansion,3573344880,ushanka.hackingexpansion,0,1,0,Content & overhauls,https://steamcommunity.com/sharedfiles/filedetails/?id=3573344880
Hair Extensions,2295386535,neronix17.hairstyles,0,0,1,"Hair, bodies & animations",https://steamcommunity.com/sharedfiles/filedetails/?id=2295386535
Hair Modding Plus (continued),2947607004,Butterfish.HairModdingPlus,1,0,0,"Hair, bodies & animations",https://steamcommunity.com/sharedfiles/filedetails/?id=2947607004
HALO: Rimworld Psychic Pulse Armory (Continued),3507626861,mlie.halorimworldpsychicpulsearmory,0,1,0,"Combat, weapons & raids",https://steamcommunity.com/sharedfiles/filedetails/?id=3507626861
Hamster ,2848286000,plaxen.hamster,0,1,0,Animals,https://steamcommunity.com/sharedfiles/filedetails/?id=2848286000
Hamster Wheel Generator (Continued),3167447860,Solaris.HamsterWheelGenerator,0,1,0,Animals,https://steamcommunity.com/sharedfiles/filedetails/?id=3167447860
HarbingerKin - Phytokin,3522734130,mytigio.harbingerkin,0,1,0,Content & overhauls,https://steamcommunity.com/sharedfiles/filedetails/?id=3522734130
Hard Times: Hair and Beards,3092175321,botchjob.hthair,0,0,1,"Hair, bodies & animations",https://steamcommunity.com/sharedfiles/filedetails/?id=3092175321
Hard Vacuum,3530415332,petetimessix.hardvacuum,1,0,0,Gameplay tweaks,https://steamcommunity.com/sharedfiles/filedetails/?id=3530415332
Harmony,2009463077,brrainz.harmony,1,0,0,Frameworks & libraries,https://steamcommunity.com/sharedfiles/filedetails/?id=2009463077
Hat Hair Control,3760821540,lordfelix.HatHairControl,1,0,0,"Hair, bodies & animations",https://steamcommunity.com/sharedfiles/filedetails/?id=3760821540
Haul After Stripping,3596054023,ilarion.haulafterstripping,1,0,0,Quality of life,https://steamcommunity.com/sharedfiles/filedetails/?id=3596054023
Haul Explicitly Reborn,3556245703,likeafox.haulexplicitly,1,0,0,Quality of life,https://steamcommunity.com/sharedfiles/filedetails/?id=3556245703
Haul Mined Chunks,2799728059,mlie.haulminedchunks,1,0,0,Quality of life,https://steamcommunity.com/sharedfiles/filedetails/?id=2799728059
Healer Mech Serum Choice,2714095848,syrus.hmschoice,1,0,0,"Vehicles, gravships & mechs",https://steamcommunity.com/sharedfiles/filedetails/?id=2714095848
HEAVY Snow,2912575354,SimplePhysics.HEAVY.Snow,1,0,0,Gameplay tweaks,https://steamcommunity.com/sharedfiles/filedetails/?id=2912575354
Heavy Truck,3556798940,ht.lunartika,0,1,0,"Vehicles, gravships & mechs",https://steamcommunity.com/sharedfiles/filedetails/?id=3556798940
Helixien Gas Boiler,2765741088,cixwow.helixienboiler,0,1,0,"Building, production & storage",https://steamcommunity.com/sharedfiles/filedetails/?id=2765741088
Helixien Gas Brazier,2770815124,cixwow.helixienbrazier,0,1,0,Gameplay tweaks,https://steamcommunity.com/sharedfiles/filedetails/?id=2770815124
Helixien Gas Production,2829208414,cixwow.helixiengasproduction,0,1,0,"Building, production & storage",https://steamcommunity.com/sharedfiles/filedetails/?id=2829208414
Help me build,3534699220,andromeda.helpmebuild,1,0,0,Gameplay tweaks,https://steamcommunity.com/sharedfiles/filedetails/?id=3534699220
Helpful Monkeys,1523796550,Tweedlebum.HelpfulMonkeys,1,0,0,Animals,https://steamcommunity.com/sharedfiles/filedetails/?id=1523796550
Helpful Raccoons | Fork by [ETF],3457315303,Tweedlebum.HelpfulRaccoons,1,0,0,Animals,https://steamcommunity.com/sharedfiles/filedetails/?id=3457315303
Hemogen Pack - Emergency transfusion,3778942862,aoba.hemogendirect,1,0,0,"Medical, needs & hygiene",https://steamcommunity.com/sharedfiles/filedetails/?id=3778942862
Hide Unloaded Mods Errors,3778600801,sk.hideunloadedmoderors,1,0,0,Performance & tools,https://steamcommunity.com/sharedfiles/filedetails/?id=3778600801
High Life Drug Cooking Speed,3183941628,bigtortoise.drugcookingspeed,1,0,0,Gameplay tweaks,https://steamcommunity.com/sharedfiles/filedetails/?id=3183941628
Highborn Xenotype,3380776687,elsov.highborn,0,1,0,"Genes, xenotypes & races",https://steamcommunity.com/sharedfiles/filedetails/?id=3380776687
HiTech Research Bench Retexture,3136109297,Happycam.HitechResearchRetexture,1,0,0,Textures & retextures,https://steamcommunity.com/sharedfiles/filedetails/?id=3136109297
Holo Dancers,3599306604,ucp.holodancers,0,1,0,Gameplay tweaks,https://steamcommunity.com/sharedfiles/filedetails/?id=3599306604
Holograms And Projectors,2847321165,vesper.hologramsandprojectors,0,0,1,"Apparel, styles & cosmetics",https://steamcommunity.com/sharedfiles/filedetails/?id=2847321165
Holsters,2610120706,iworosiak.holsters,1,0,0,"Combat, weapons & raids",https://steamcommunity.com/sharedfiles/filedetails/?id=2610120706
Hospital,2992224079,adamas.hospital,0,1,0,"Medical, needs & hygiene",https://steamcommunity.com/sharedfiles/filedetails/?id=2992224079
Hospitality (Continued),3509486825,orion.hospitality,0,1,0,"Medical, needs & hygiene",https://steamcommunity.com/sharedfiles/filedetails/?id=3509486825
Hospitality + Ideology Patch,3789536584,fumblesneeze.guestbedgizmo,0,1,0,Patches & compatibility,https://steamcommunity.com/sharedfiles/filedetails/?id=3789536584
Hospitality: Casino,2939292644,adamas.hospitalitycasino,0,1,0,"Medical, needs & hygiene",https://steamcommunity.com/sharedfiles/filedetails/?id=2939292644
Hospitality: Spa,2971831654,adamas.hospitalityspa,0,1,0,"Medical, needs & hygiene",https://steamcommunity.com/sharedfiles/filedetails/?id=2971831654
Hospitality: Storefront,2952321484,adamas.storefront,0,1,0,"Medical, needs & hygiene",https://steamcommunity.com/sharedfiles/filedetails/?id=2952321484
Hospitality: Vending machines,3014885065,adamas.vendingmachines,0,1,0,"Medical, needs & hygiene",https://steamcommunity.com/sharedfiles/filedetails/?id=3014885065
HugsLib,818773962,unlimitedhugs.hugslib,1,0,0,Frameworks & libraries,https://steamcommunity.com/sharedfiles/filedetails/?id=818773962
Hull Style: NANAME Walls,3543791340,oels.nanamewalls,1,0,0,"Building, production & storage",https://steamcommunity.com/sharedfiles/filedetails/?id=3543791340
Human Power Generator Mod,1706030487,flashpoint55.humanpowergeneratormod,0,1,0,"Building, production & storage",https://steamcommunity.com/sharedfiles/filedetails/?id=1706030487
Hunt for Me,1593245720,arandomkiwi.huntforme,1,0,0,Animals,https://steamcommunity.com/sharedfiles/filedetails/?id=1593245720
Hunter Mechanoid,3018267953,pal5k.huntermechanoid,0,1,0,"Vehicles, gravships & mechs",https://steamcommunity.com/sharedfiles/filedetails/?id=3018267953
Hussar Cloning Platform,3663529617,zoarak.hussarplat,0,1,0,"Genes, xenotypes & races",https://steamcommunity.com/sharedfiles/filedetails/?id=3663529617
Hussar Weapon Aptitude Remake,3151089982,cedaro.hwar,1,0,0,"Combat, weapons & raids",https://steamcommunity.com/sharedfiles/filedetails/?id=3151089982
I Cant Fix That,2780971535,mlie.icantfixthat,1,0,0,Gameplay tweaks,https://steamcommunity.com/sharedfiles/filedetails/?id=2780971535
I Clearly Have Enough! (Continued),2023661266,mlie.iclearlyhaveenough,1,0,0,Quality of life,https://steamcommunity.com/sharedfiles/filedetails/?id=2023661266
I Don't Care,2970757252,Virstag.DontCare,1,0,0,Quality of life,https://steamcommunity.com/sharedfiles/filedetails/?id=2970757252
I Know Where You Sleep,3386614143,harmonea.sleepdanger,1,0,0,Gameplay tweaks,https://steamcommunity.com/sharedfiles/filedetails/?id=3386614143
I will be back,3400259397,hailuan.iwbb,1,0,0,Gameplay tweaks,https://steamcommunity.com/sharedfiles/filedetails/?id=3400259397
I'm Off (Continued),3251510002,zal.imoff,1,0,0,Quality of life,https://steamcommunity.com/sharedfiles/filedetails/?id=3251510002
I'm Trying To Save You! (Pawn Dressing Rework),3534863993,s4.imtryingtosaveyou,1,0,0,Gameplay tweaks,https://steamcommunity.com/sharedfiles/filedetails/?id=3534863993
IceWorld: Ice Fishing,3531887595,iceworld.icefishing,1,0,0,"World, biomes, factions & travel",https://steamcommunity.com/sharedfiles/filedetails/?id=3531887595
Ignorance Is Bliss,2554423472,dame.ignorance,1,0,0,Gameplay tweaks,https://steamcommunity.com/sharedfiles/filedetails/?id=2554423472
Ignore Idle Guests,2515048728,mlie.ignoreidleguests,1,0,0,Quality of life,https://steamcommunity.com/sharedfiles/filedetails/?id=2515048728
Immersive Opening,3698099797,ferny.ImmersiveOpening,1,0,0,Gameplay tweaks,https://steamcommunity.com/sharedfiles/filedetails/?id=3698099797
Impact Weaponry - Reloaded,3538728067,detvisor.impactweaponryreloaded,0,1,0,"Combat, weapons & raids",https://steamcommunity.com/sharedfiles/filedetails/?id=3538728067
Impassable Containment Structures,3222738861,ferny.impassablecontainmentstructures,1,0,0,Gameplay tweaks,https://steamcommunity.com/sharedfiles/filedetails/?id=3222738861
Imperial Attires,3465257079,CAT.Imperial.Attires,0,0,1,"Apparel, styles & cosmetics",https://steamcommunity.com/sharedfiles/filedetails/?id=3465257079
Impressionable Children,2879996327,kathanon.impressionablechildren,1,0,0,Ideology & social,https://steamcommunity.com/sharedfiles/filedetails/?id=2879996327
Improved Map Search,3547866455,kathanon.groupedmapsearch,1,0,0,UI & information,https://steamcommunity.com/sharedfiles/filedetails/?id=3547866455
Improved Need Indicator,3211635205,amch.improvedneedindicator,1,0,0,Gameplay tweaks,https://steamcommunity.com/sharedfiles/filedetails/?id=3211635205
In Memoriam,3745745819,astryl.InMemoriam,1,0,0,Gameplay tweaks,https://steamcommunity.com/sharedfiles/filedetails/?id=3745745819
Incident Person Stat (Continued),2896052868,mlie.incidentpersonstat,1,0,0,Gameplay tweaks,https://steamcommunity.com/sharedfiles/filedetails/?id=2896052868
Increased Max Gods in Theist Religions,2991154934,MoreTheistGods.Mod,1,0,0,Gameplay tweaks,https://steamcommunity.com/sharedfiles/filedetails/?id=2991154934
"Industrial Hardleather, Concrete and Cheese",3535926848,talias.VFEHardleatherConcrete,0,1,0,Gameplay tweaks,https://steamcommunity.com/sharedfiles/filedetails/?id=3535926848
Infiltrator Protocol,3793533339,asunib.infiltratorprotocol,0,1,0,Gameplay tweaks,https://steamcommunity.com/sharedfiles/filedetails/?id=3793533339
Initial Motivation,3046519492,cedaro.initialmotivation,1,0,0,Gameplay tweaks,https://steamcommunity.com/sharedfiles/filedetails/?id=3046519492
Inject Genes,2918091446,zaf.injectgene,1,0,0,"Genes, xenotypes & races",https://steamcommunity.com/sharedfiles/filedetails/?id=2918091446
Injured Carry,2413690575,haecriver.injuredcarry,1,0,0,Gameplay tweaks,https://steamcommunity.com/sharedfiles/filedetails/?id=2413690575
Injury Texture Variety,3561610873,keshash.injurytextures,0,0,1,Textures & retextures,https://steamcommunity.com/sharedfiles/filedetails/?id=3561610873
Inspiration Tweaks,2117570018,catachat.inspirationtweaks,1,0,0,Gameplay tweaks,https://steamcommunity.com/sharedfiles/filedetails/?id=2117570018
Inspired Conversion,2851390190,lm.inspiredconversion,1,0,0,Ideology & social,https://steamcommunity.com/sharedfiles/filedetails/?id=2851390190
Instant Caravan,3165744287,ferny.easycaravanformation,1,0,0,"World, biomes, factions & travel",https://steamcommunity.com/sharedfiles/filedetails/?id=3165744287
Integrated Implants,3223443793,lts.i,0,1,0,"Genes, xenotypes & races",https://steamcommunity.com/sharedfiles/filedetails/?id=3223443793
Integrated Implants - EPOE Modular Compatibility,3733014537,asunib.EPOEIICompat,0,1,0,Patches & compatibility,https://steamcommunity.com/sharedfiles/filedetails/?id=3733014537
Invisible Display Case Continued,3546566196,icepickgma.invisibledisplaycase,0,1,0,Gameplay tweaks,https://steamcommunity.com/sharedfiles/filedetails/?id=3546566196
Ion Weaponry (Continued),3532877485,zal.ionweaponry,0,1,0,"Combat, weapons & raids",https://steamcommunity.com/sharedfiles/filedetails/?id=3532877485
IVF Equality,2922603310,kathanon.ivfequality,1,0,0,"Medical, needs & hygiene",https://steamcommunity.com/sharedfiles/filedetails/?id=2922603310
Just Ignore Me Passing (Continued),3503627342,mlie.justignoremepassing,1,0,0,Quality of life,https://steamcommunity.com/sharedfiles/filedetails/?id=3503627342
Just Leave Already,3530313037,timuttie.justleavealready.fork.mitasamodel,1,0,0,Quality of life,https://steamcommunity.com/sharedfiles/filedetails/?id=3530313037
Just Put It Over There,2856471776,mlie.justputitoverthere,1,0,0,Quality of life,https://steamcommunity.com/sharedfiles/filedetails/?id=2856471776
Justice For Flagstone,3237084161,kharshuf.justiceforflagstone,1,0,0,Gameplay tweaks,https://steamcommunity.com/sharedfiles/filedetails/?id=3237084161
Kabouter Xenotype,3792986331,Sovereign.ChipChipChip,0,1,0,"Genes, xenotypes & races",https://steamcommunity.com/sharedfiles/filedetails/?id=3792986331
"Keep Burning, Corpse!",3717835691,tixiv.KeepBurningCorpse,1,0,0,Gameplay tweaks,https://steamcommunity.com/sharedfiles/filedetails/?id=3717835691
Keep Converting,3461478214,linnun.keepconverting,1,0,0,Gameplay tweaks,https://steamcommunity.com/sharedfiles/filedetails/?id=3461478214
Keybindings Search,3707045543,sk.keybindsearch,1,0,0,UI & information,https://steamcommunity.com/sharedfiles/filedetails/?id=3707045543
Keyz Reference Tools,3689557041,keyz182.KeyzReferenceTools,1,0,0,Frameworks & libraries,https://steamcommunity.com/sharedfiles/filedetails/?id=3689557041
Kid Apparel Expanded,3548557988,kidapparelexpanded.goblins4lyfe,0,1,0,"Apparel, styles & cosmetics",https://steamcommunity.com/sharedfiles/filedetails/?id=3548557988
Kinky Bodystraps,3030158240,gerrymon.kinkybodystraps,0,0,1,"Apparel, styles & cosmetics",https://steamcommunity.com/sharedfiles/filedetails/?id=3030158240
KlopKots Target Priority,3515285485,klopkot.targetpriority,1,0,0,Gameplay tweaks,https://steamcommunity.com/sharedfiles/filedetails/?id=3515285485
Koi's Mech-Androids for 1.6,3704669419,quatch.Mechandroids,0,0,1,"Vehicles, gravships & mechs",https://steamcommunity.com/sharedfiles/filedetails/?id=3704669419
Korg facial animations,3794287961,lucius.korgfa,0,0,1,"Hair, bodies & animations",https://steamcommunity.com/sharedfiles/filedetails/?id=3794287961
Korg Xenotype,3793104547,Sovereign.Kork,0,1,0,"Genes, xenotypes & races",https://steamcommunity.com/sharedfiles/filedetails/?id=3793104547
Lanterns (Continued),3266721359,zal.lanterns,0,1,0,"Furniture, decor & props",https://steamcommunity.com/sharedfiles/filedetails/?id=3266721359
Laser Weapons: Re-Examined,3451325196,Smxrez.LaserReexamined,0,1,0,"Combat, weapons & raids",https://steamcommunity.com/sharedfiles/filedetails/?id=3451325196
Last Visited (Continued),3507014727,zal.lastvisited,1,0,0,Gameplay tweaks,https://steamcommunity.com/sharedfiles/filedetails/?id=3507014727
Layers: Capes and Armor,3344566457,yy.capesandarmor,1,0,0,"Combat, weapons & raids",https://steamcommunity.com/sharedfiles/filedetails/?id=3344566457
Leader's Harem (Ideology Meme),3757032079,DanZinagri.HaremLeaderMeme,0,1,0,Ideology & social,https://steamcommunity.com/sharedfiles/filedetails/?id=3757032079
Leader's Harem - Harem Rite,3760531506,DanZinagri.HaremLeaderRite,0,1,0,Ideology & social,https://steamcommunity.com/sharedfiles/filedetails/?id=3760531506
Leaf Skirt,3423798414,sd.leafskirt,1,0,0,Gameplay tweaks,https://steamcommunity.com/sharedfiles/filedetails/?id=3423798414
Legendary Boss,3538894636,andromeda.legendaryboss,0,1,0,Gameplay tweaks,https://steamcommunity.com/sharedfiles/filedetails/?id=3538894636
Leo - Events,3730168769,Leo.EventsExpanded,0,1,0,"World, biomes, factions & travel",https://steamcommunity.com/sharedfiles/filedetails/?id=3730168769
Less Annoying Minor Alerts,3791050729,ceramic.lessannoyingminoralerts,1,0,0,UI & information,https://steamcommunity.com/sharedfiles/filedetails/?id=3791050729
Letter Gravship Ready,3534224324,7h0m4s.rimworld.rimworldlettergravshipready,1,0,0,UI & information,https://steamcommunity.com/sharedfiles/filedetails/?id=3534224324
Letter Permanent Injury,2592535960,buggy.rimworld.letterpermanentinjury,1,0,0,UI & information,https://steamcommunity.com/sharedfiles/filedetails/?id=2592535960
Level Up!,1701592470,krafs.levelup,1,0,0,"Research, storytellers & progression",https://steamcommunity.com/sharedfiles/filedetails/?id=1701592470
LEVIATHANS: HIVE LORD,3796506579,chezhou.creature.hivelord,0,1,0,Content & overhauls,https://steamcommunity.com/sharedfiles/filedetails/?id=3796506579
LEVIATHANS:SANDWORM,3713982815,chezhou.creature.sandworm,0,1,0,Content & overhauls,https://steamcommunity.com/sharedfiles/filedetails/?id=3713982815
Lifter Plz Do More Jobs,2884057958,danceninja.lifterplzdomorejobs,1,0,0,Gameplay tweaks,https://steamcommunity.com/sharedfiles/filedetails/?id=2884057958
Lightless Empyrean Reborn,3517488959,pphhyy.lightlessempyrean,0,1,0,Content & overhauls,https://steamcommunity.com/sharedfiles/filedetails/?id=3517488959
Lily-Style Pack,3748934221,GeneGene.style.lily,0,0,1,"Apparel, styles & cosmetics",https://steamcommunity.com/sharedfiles/filedetails/?id=3748934221
Limit Quest Pawns,2898408684,kathanon.limitquestpawns,1,0,0,"World, biomes, factions & travel",https://steamcommunity.com/sharedfiles/filedetails/?id=2898408684
Limitless Deathrest,2880595382,demonx3.limitlessdeathless,1,0,0,"Medical, needs & hygiene",https://steamcommunity.com/sharedfiles/filedetails/?id=2880595382
Linkable Groups,3659197870,linnun.linkablegroups,1,0,0,Gameplay tweaks,https://steamcommunity.com/sharedfiles/filedetails/?id=3659197870
Linkables Info Expanded,3212476920,deadmano.linkablesinfoexpanded,1,0,0,Gameplay tweaks,https://steamcommunity.com/sharedfiles/filedetails/?id=3212476920
Linked Planters,3037074487,rswallen.linkedplanters,1,0,0,"Building, production & storage",https://steamcommunity.com/sharedfiles/filedetails/?id=3037074487
LiquidSFX,3758773902,dorbo.watersfx,1,0,0,Audio & music,https://steamcommunity.com/sharedfiles/filedetails/?id=3758773902
Little Critters,3331281387,tyrannidae.littlecritters,0,1,0,Animals,https://steamcommunity.com/sharedfiles/filedetails/?id=3331281387
Liya's Boy Hair,3710288647,liya.boyhairmod,0,0,1,"Hair, bodies & animations",https://steamcommunity.com/sharedfiles/filedetails/?id=3710288647
Liya's Hair,3668890565,liya.hairmod,0,0,1,"Hair, bodies & animations",https://steamcommunity.com/sharedfiles/filedetails/?id=3668890565
Liya's Hair Part 2,3671621107,liya.hairmod2,0,0,1,"Hair, bodies & animations",https://steamcommunity.com/sharedfiles/filedetails/?id=3671621107
Liya's Hair Part 3,3764089935,liya.hairmod3,0,0,1,"Hair, bodies & animations",https://steamcommunity.com/sharedfiles/filedetails/?id=3764089935
Load in Background,3696524379,ferny.LoadInBackground,1,0,0,Performance & tools,https://steamcommunity.com/sharedfiles/filedetails/?id=3696524379
Load Them Last,3714307386,ferny.LoadThemLast,1,0,0,Performance & tools,https://steamcommunity.com/sharedfiles/filedetails/?id=3714307386
Loading Progress,3535481557,ilyvion.loadingprogress,1,0,0,Performance & tools,https://steamcommunity.com/sharedfiles/filedetails/?id=3535481557
Loading Screen Repository,3567860027,ferny.loadingscreenrepository,1,0,0,Performance & tools,https://steamcommunity.com/sharedfiles/filedetails/?id=3567860027
Localizer,3794747458,ferny.Localizer,1,0,0,Frameworks & libraries,https://steamcommunity.com/sharedfiles/filedetails/?id=3794747458
Log Publisher from HugsLib,2873415404,m00nl1ght.unofficialupdates.hugslogpublisher,1,0,0,Frameworks & libraries,https://steamcommunity.com/sharedfiles/filedetails/?id=2873415404
Logic Switch,3723818517,Borsh.LogicSwitches,0,1,0,"Building, production & storage",https://steamcommunity.com/sharedfiles/filedetails/?id=3723818517
Logistics Mechanoid,2885430743,pal5k.logisticsmechanoid,0,1,0,"Vehicles, gravships & mechs",https://steamcommunity.com/sharedfiles/filedetails/?id=2885430743
Long Range Mineral Scanner Retexture,3339757768,happycam.lrmscannerretexture,1,0,0,Textures & retextures,https://steamcommunity.com/sharedfiles/filedetails/?id=3339757768
Lovin' Is Messy (and fun),3081507494,xandrmoro.rim.lovinismessy,1,0,0,Gameplay tweaks,https://steamcommunity.com/sharedfiles/filedetails/?id=3081507494
Luciferium Expansion,3227008885,ushanka.luciferiumexpansion,0,1,0,Content & overhauls,https://steamcommunity.com/sharedfiles/filedetails/?id=3227008885
LusTech Modern Camo Styles (for Combat Extended),3489407179,lm.lustechcamostyles,0,0,1,"Combat, weapons & raids",https://steamcommunity.com/sharedfiles/filedetails/?id=3489407179
LusTech Unique Weapons,3597400817,lusty.lustechuw,1,0,0,"Combat, weapons & raids",https://steamcommunity.com/sharedfiles/filedetails/?id=3597400817
LusTech Vanilla Weapons Retexture,3602372541,lusty.lustechvwr,1,0,0,Textures & retextures,https://steamcommunity.com/sharedfiles/filedetails/?id=3602372541
LusTech VWE Coilguns Retexture,3750587891,Lusty.LusTechVWECoilguns,0,1,0,Textures & retextures,https://steamcommunity.com/sharedfiles/filedetails/?id=3750587891
Machines of War,2853559638,el.mow,0,1,0,Content & overhauls,https://steamcommunity.com/sharedfiles/filedetails/?id=2853559638
Mahjong Table,3268214925,Yayoflake.Mahjong,0,1,0,UI & information,https://steamcommunity.com/sharedfiles/filedetails/?id=3268214925
Manipulator Beam Emitter,3683998684,natsuki.manipulatorbeam,0,1,0,"Building, production & storage",https://steamcommunity.com/sharedfiles/filedetails/?id=3683998684
Manipulator Beam Emitter Retexture,3798109974,NomadRw.manipulatorbeam.RTT,0,1,0,Textures & retextures,https://steamcommunity.com/sharedfiles/filedetails/?id=3798109974
Map Mode Framework Forked,3672467706,NozoMe.MapModeFramework,1,0,0,Frameworks & libraries,https://steamcommunity.com/sharedfiles/filedetails/?id=3672467706
Map Preview,2800857642,m00nl1ght.mappreview,1,0,0,UI & information,https://steamcommunity.com/sharedfiles/filedetails/?id=2800857642
Mass Graves 1.6,3545739596,pyrce.mass.graves.continued,0,1,0,"Furniture, decor & props",https://steamcommunity.com/sharedfiles/filedetails/?id=3545739596
Material Sub-Menu,3345696149,cedaro.material.submenu,1,0,0,UI & information,https://steamcommunity.com/sharedfiles/filedetails/?id=3345696149
Meals On Wheels - Continued,3538082807,memegoddess.mealsonwheels,1,0,0,Gameplay tweaks,https://steamcommunity.com/sharedfiles/filedetails/?id=3538082807
Meat on a Stick,3435027361,badoaks.MeatOnAStick,1,0,0,Gameplay tweaks,https://steamcommunity.com/sharedfiles/filedetails/?id=3435027361
Meat on a Stick (Retexture),3786054758,morton.RetextureMeatonaStick,1,0,0,Textures & retextures,https://steamcommunity.com/sharedfiles/filedetails/?id=3786054758
Meat on a Stick - Expansion,3577333297,badoaks.meatonastick,1,0,0,Gameplay tweaks,https://steamcommunity.com/sharedfiles/filedetails/?id=3577333297
Meat on a Stick - Expansion (Retexture),3786055464,morton.RetextureMeatonaStickExpansion,1,0,0,Textures & retextures,https://steamcommunity.com/sharedfiles/filedetails/?id=3786055464
Mech Recharger Standby Mode,2879340506,heremeus.mechrechargerstandby,1,0,0,"Vehicles, gravships & mechs",https://steamcommunity.com/sharedfiles/filedetails/?id=2879340506
Mech Work Tab,3268299107,spacemoth.mechtab,1,0,0,UI & information,https://steamcommunity.com/sharedfiles/filedetails/?id=3268299107
Mechanitor Encounters,3417287863,makinglovetomy.warqueenmechwife.allnightlong,0,1,0,"Vehicles, gravships & mechs",https://steamcommunity.com/sharedfiles/filedetails/?id=3417287863
Mechanoid Cluster Retexture,3523231836,happycam.conditioncauserretexture,1,0,0,Textures & retextures,https://steamcommunity.com/sharedfiles/filedetails/?id=3523231836
Mechanoid Invaders,3418853181,el.invmech,0,1,0,"Vehicles, gravships & mechs",https://steamcommunity.com/sharedfiles/filedetails/?id=3418853181
Mechanoid Skins: Curvaceous,3708199539,Veltaris.MechanoidSkins,0,0,1,Textures & retextures,https://steamcommunity.com/sharedfiles/filedetails/?id=3708199539
Mechanoid Skins: Kraltech Industries,3732548089,Veltaris.MechanoidSkins.Kraltech,0,0,1,Textures & retextures,https://steamcommunity.com/sharedfiles/filedetails/?id=3732548089
Mechanoid Upgrades,3365118555,gogatio.mechanoidupgrades,0,1,0,"Vehicles, gravships & mechs",https://steamcommunity.com/sharedfiles/filedetails/?id=3365118555
Mechanoid Upgrades - Anomaly,3375627095,gogatio.mechanoidupgrades.anomaly,0,1,0,"Vehicles, gravships & mechs",https://steamcommunity.com/sharedfiles/filedetails/?id=3375627095
Mechanoid Upgrades - Archotech,3396928183,gogatio.mechanoidupgrades.archotech,0,1,0,"Vehicles, gravships & mechs",https://steamcommunity.com/sharedfiles/filedetails/?id=3396928183
Mechanoid Waiter,3585375106,gondragon.mechanoidwaiter,0,1,0,"Vehicles, gravships & mechs",https://steamcommunity.com/sharedfiles/filedetails/?id=3585375106
Mechs can brew,3535375303,wsp.brewing,1,0,0,"Vehicles, gravships & mechs",https://steamcommunity.com/sharedfiles/filedetails/?id=3535375303
Mechs Don't Die,2894563067,kathanon.MechsDontDie,1,0,0,"Vehicles, gravships & mechs",https://steamcommunity.com/sharedfiles/filedetails/?id=2894563067
Medical Dissection,1328216966,heremeus.medicaldissection,0,1,0,"Medical, needs & hygiene",https://steamcommunity.com/sharedfiles/filedetails/?id=1328216966
Medical Expansion - Addiction Treatment,3713354466,onofre150.me.addictions,0,1,0,"Medical, needs & hygiene",https://steamcommunity.com/sharedfiles/filedetails/?id=3713354466
Medical Expansion - Vaccines,3705179186,onofre150.me.vaccines,0,1,0,"Medical, needs & hygiene",https://steamcommunity.com/sharedfiles/filedetails/?id=3705179186
Medical Tab - Continued,3658588582,MemeGoddess.MedicalTab,1,0,0,UI & information,https://steamcommunity.com/sharedfiles/filedetails/?id=3658588582
Medicines+,2878860499,papito.medicinesplus.at,0,1,0,"Medical, needs & hygiene",https://steamcommunity.com/sharedfiles/filedetails/?id=2878860499
Medieval Adventures: Implants,3397035499,seti.medieval.implants,0,1,0,"Genes, xenotypes & races",https://steamcommunity.com/sharedfiles/filedetails/?id=3397035499
Medieval Overhaul,3219596926,dankpyon.medieval.overhaul,1,0,0,Content & overhauls,https://steamcommunity.com/sharedfiles/filedetails/?id=3219596926
Medieval Overhaul Extra Signs,2967087032,mewn.extra.signs,0,0,1,"Furniture, decor & props",https://steamcommunity.com/sharedfiles/filedetails/?id=2967087032
Medieval Overhaul Integration Fixes,3535525683,azrazalea.MedievalOverhaulIntegrationFixes,1,0,0,Content & overhauls,https://steamcommunity.com/sharedfiles/filedetails/?id=3535525683
Medieval Overhaul ReGrowth 2 Patch,3648522175,Leko.MORG2.Patch,1,0,0,Patches & compatibility,https://steamcommunity.com/sharedfiles/filedetails/?id=3648522175
Medieval Overhaul Sleep Accelerator Patch,3337654864,wigwag.mo.sleep.accelerator.patch,1,0,0,Patches & compatibility,https://steamcommunity.com/sharedfiles/filedetails/?id=3337654864
Medieval Overhaul: Adaptive Storage,3425601715,eeg.moxasf,1,0,0,Content & overhauls,https://steamcommunity.com/sharedfiles/filedetails/?id=3425601715
Medieval Overhaul: House Roxmont,3526042587,dankpyon.medieval.overhaul.house.roxmont,0,1,0,Content & overhauls,https://steamcommunity.com/sharedfiles/filedetails/?id=3526042587
Medieval Visible Pants Addon,3707481634,Aqued.MedievalPants,0,0,1,"Apparel, styles & cosmetics",https://steamcommunity.com/sharedfiles/filedetails/?id=3707481634
Megafauna,1055485938,spino.megafauna,0,1,0,Animals,https://steamcommunity.com/sharedfiles/filedetails/?id=1055485938
Melee Animation,2944488802,co.uk.epicguru.meleeanimation,0,0,1,"Apparel, styles & cosmetics",https://steamcommunity.com/sharedfiles/filedetails/?id=2944488802
Melee Animation Vanilla,3541917234,zawmbie.ma.vanilla,0,0,1,"Apparel, styles & cosmetics",https://steamcommunity.com/sharedfiles/filedetails/?id=3541917234
Memorial Stele,3497828669,pribovich.memorialstele,0,1,0,Gameplay tweaks,https://steamcommunity.com/sharedfiles/filedetails/?id=3497828669
Metal Guitar Voice Gene,3618428060,metalguitar.voice.gene,0,0,1,"Genes, xenotypes & races",https://steamcommunity.com/sharedfiles/filedetails/?id=3618428060
Metalhorror Immunity Gene,3229318714,Flestal.MIG,0,1,0,"Genes, xenotypes & races",https://steamcommunity.com/sharedfiles/filedetails/?id=3229318714
Mid-Save-Saver Continued,3261311100,owlchemist.midsaversaver,1,0,0,Performance & tools,https://steamcommunity.com/sharedfiles/filedetails/?id=3261311100
Milk Pipe Network,2988129340,vemp.pipenetwork,0,1,0,Gameplay tweaks,https://steamcommunity.com/sharedfiles/filedetails/?id=2988129340
Mine Sight,3769804600,rabiosus.minesight,1,0,0,Gameplay tweaks,https://steamcommunity.com/sharedfiles/filedetails/?id=3769804600
Miniature Props and Decor,3579351912,leo.propsdecor,0,0,1,"Furniture, decor & props",https://steamcommunity.com/sharedfiles/filedetails/?id=3579351912
MinifyEverything,872762753,erdelf.minifyeverything,1,0,0,Quality of life,https://steamcommunity.com/sharedfiles/filedetails/?id=872762753
Minimal Light Control,1554307259,kapitanoczywisty.minimallightcontrol,1,0,0,Gameplay tweaks,https://steamcommunity.com/sharedfiles/filedetails/?id=1554307259
Missile Girl - Performance Mod,3712928623,vr.missilegirl,1,0,0,Performance & tools,https://steamcommunity.com/sharedfiles/filedetails/?id=3712928623
Misstall's Furniture,3688166182,Misstall.Furniture,0,0,1,"Furniture, decor & props",https://steamcommunity.com/sharedfiles/filedetails/?id=3688166182
Mod Options Sort,2910865748,superniquito.modoptionssort,1,0,0,UI & information,https://steamcommunity.com/sharedfiles/filedetails/?id=2910865748
Modern Empire Tab,3748548815,astryl.ModernEmpireTab,1,0,0,UI & information,https://steamcommunity.com/sharedfiles/filedetails/?id=3748548815
Modern Faction Menu,3742926690,astryl.ModernFactionMenu,1,0,0,UI & information,https://steamcommunity.com/sharedfiles/filedetails/?id=3742926690
Modern History Menu,3742925193,astryl.ModernHistoryMenu,1,0,0,UI & information,https://steamcommunity.com/sharedfiles/filedetails/?id=3742925193
Modern Notifications,3752932665,astryl.ModernNotifications,1,0,0,UI & information,https://steamcommunity.com/sharedfiles/filedetails/?id=3752932665
Modern Psycasts UI,3745137736,astryl.ModernPsycastsUI,1,0,0,UI & information,https://steamcommunity.com/sharedfiles/filedetails/?id=3745137736
Modern Social Tab,3740700588,astryl.ModernSocialTab,1,0,0,UI & information,https://steamcommunity.com/sharedfiles/filedetails/?id=3740700588
Mojave Mask - Progression Storytellers,3781130446,ferny.MojaveMask,0,1,0,"Research, storytellers & progression",https://steamcommunity.com/sharedfiles/filedetails/?id=3781130446
Molong facial animations,3789484706,lucius.molongfa,0,0,1,"Hair, bodies & animations",https://steamcommunity.com/sharedfiles/filedetails/?id=3789484706
Molong Xenotype,3789407175,Sov.Tengri,0,1,0,"Genes, xenotypes & races",https://steamcommunity.com/sharedfiles/filedetails/?id=3789407175
Monochrome Impid Hairs,3509800074,luigipunch.impidhair,1,0,0,"Hair, bodies & animations",https://steamcommunity.com/sharedfiles/filedetails/?id=3509800074
Mood Matters,2581603685,imranfish.moodmatters,1,0,0,Gameplay tweaks,https://steamcommunity.com/sharedfiles/filedetails/?id=2581603685
More and Retextured Head Shapes for VTE for Facial Animation,3407049972,sd.fa.vte.moreheadshapes,0,0,1,"Hair, bodies & animations",https://steamcommunity.com/sharedfiles/filedetails/?id=3407049972
More animal beds,3107972819,animal.bedsnew,0,1,0,Animals,https://steamcommunity.com/sharedfiles/filedetails/?id=3107972819
More Birds - Doves,3557967460,11bullets.dovesandpigeons,0,1,0,Animals,https://steamcommunity.com/sharedfiles/filedetails/?id=3557967460
More Birds - Songbirds,3555975161,11bullets.songbirds,0,1,0,Animals,https://steamcommunity.com/sharedfiles/filedetails/?id=3555975161
More Drug Genes,3013604316,mbsg.drug,1,0,0,"Genes, xenotypes & races",https://steamcommunity.com/sharedfiles/filedetails/?id=3013604316
More Fire Resistance Genes,3000564841,MoreBiotechStyleGenes.Fire,0,1,0,"Genes, xenotypes & races",https://steamcommunity.com/sharedfiles/filedetails/?id=3000564841
More Gravship Workbenches,3714981583,LTS.MGW,1,0,0,"Building, production & storage",https://steamcommunity.com/sharedfiles/filedetails/?id=3714981583
More Hunter Drones,3532453334,as1aw.morehunterdrones,0,1,0,Gameplay tweaks,https://steamcommunity.com/sharedfiles/filedetails/?id=3532453334
More Informative Ideology,3761561660,Superniquito.MoreInformativeIdeology,1,0,0,Ideology & social,https://steamcommunity.com/sharedfiles/filedetails/?id=3761561660
More IVF Info,3690674058,ningendaisuki.moreivfinfo,1,0,0,"Medical, needs & hygiene",https://steamcommunity.com/sharedfiles/filedetails/?id=3690674058
More Milkable and Shearable Animals,3453878341,KobeRiddle.MilkAndWoolPatches,1,0,0,Animals,https://steamcommunity.com/sharedfiles/filedetails/?id=3453878341
More Mini-Horns,3151668881,mosi.MoreMiniHorns,0,0,1,"Apparel, styles & cosmetics",https://steamcommunity.com/sharedfiles/filedetails/?id=3151668881
More Orders,3462617228,ferny.moreorders,1,0,0,Gameplay tweaks,https://steamcommunity.com/sharedfiles/filedetails/?id=3462617228
More Pause Events,1874708724,sirrandoo.mpe,1,0,0,"World, biomes, factions & travel",https://steamcommunity.com/sharedfiles/filedetails/?id=1874708724
More Prop Categories,3167021055,ferny.propscore,1,0,0,"Furniture, decor & props",https://steamcommunity.com/sharedfiles/filedetails/?id=3167021055
More Ritual Rewards,2582489076,sinnamon.moreritualrewards,0,1,0,Ideology & social,https://steamcommunity.com/sharedfiles/filedetails/?id=2582489076
More Ritual Seats,3411913071,toastyman.moreritualseats,0,1,0,Ideology & social,https://steamcommunity.com/sharedfiles/filedetails/?id=3411913071
More Vanilla Textures,2707120862,tidal.morevanilla.textures,1,0,0,Textures & retextures,https://steamcommunity.com/sharedfiles/filedetails/?id=2707120862
Morphs Assorted: No Crushed Bodies,2796436183,MorphsAssorted.NoCrushedBodies,1,0,0,Gameplay tweaks,https://steamcommunity.com/sharedfiles/filedetails/?id=2796436183
Morphs Assorted: Tattoos,2961314564,morphsassorted.facetattoos,0,0,1,"Apparel, styles & cosmetics",https://steamcommunity.com/sharedfiles/filedetails/?id=2961314564
Mortar Accuracy,1729446857,hobtook.mortaraccuracy,1,0,0,"Combat, weapons & raids",https://steamcommunity.com/sharedfiles/filedetails/?id=1729446857
Most Skilled Bill Restriction,3757516418,Matheus.MostSkilledBill,1,0,0,Gameplay tweaks,https://steamcommunity.com/sharedfiles/filedetails/?id=3757516418
Mount Passengers,3756579512,font.mountpassengers,1,0,0,Gameplay tweaks,https://steamcommunity.com/sharedfiles/filedetails/?id=3756579512
Move Your Monolith,3221480525,ferny.moveyourmonolith,1,0,0,Gameplay tweaks,https://steamcommunity.com/sharedfiles/filedetails/?id=3221480525
Multi Analyzer Retexture,3306133515,happycam.multianalyzerretexture,1,0,0,Textures & retextures,https://steamcommunity.com/sharedfiles/filedetails/?id=3306133515
Multi-Reinstall,3266494262,oels.multireinstall,1,0,0,Quality of life,https://steamcommunity.com/sharedfiles/filedetails/?id=3266494262
Museums,3204176859,nightmare.museums,0,1,0,Content & overhauls,https://steamcommunity.com/sharedfiles/filedetails/?id=3204176859
Mushroom Gravy,3741803826,grtsk.mushgravy,0,1,0,Gameplay tweaks,https://steamcommunity.com/sharedfiles/filedetails/?id=3741803826
Music Blocker (屏蔽音乐),3629452893,trigger.musicblocker,1,0,0,Audio & music,https://steamcommunity.com/sharedfiles/filedetails/?id=3629452893
Music Manager (Continued),3220120457,zal.musicmanager,1,0,0,Audio & music,https://steamcommunity.com/sharedfiles/filedetails/?id=3220120457
Music Manager Combat Glow,3751795793,dorbo.musicmanagercombatglow,1,0,0,Audio & music,https://steamcommunity.com/sharedfiles/filedetails/?id=3751795793
Music Manager Search,3730792365,sk.mmsearch,1,0,0,Audio & music,https://steamcommunity.com/sharedfiles/filedetails/?id=3730792365
Mutator and Landmark Defs for Cherry Picker,3773922864,dorbo.cherrypickerlandmarks,1,0,0,UI & information,https://steamcommunity.com/sharedfiles/filedetails/?id=3773922864
Muzzle Flash,2917732219,issaczhuang.muzzleflash,0,0,1,"Apparel, styles & cosmetics",https://steamcommunity.com/sharedfiles/filedetails/?id=2917732219
Mythic Ages: Megafauna Bestiary,3537788184,veterano.mythicages.megafaunabestiary,0,1,0,Content & overhauls,https://steamcommunity.com/sharedfiles/filedetails/?id=3537788184
Name Your Entities,3229905841,ferny.nameyourentities,1,0,0,Gameplay tweaks,https://steamcommunity.com/sharedfiles/filedetails/?id=3229905841
Nationalist Structures - Mort's Ideologies,2961657515,mortstrudel.mortideologynationalism,0,1,0,Ideology & social,https://steamcommunity.com/sharedfiles/filedetails/?id=2961657515
Necroa Archovirus,3531035748,ushanka.necroaarchovirus,1,0,0,Content & overhauls,https://steamcommunity.com/sharedfiles/filedetails/?id=3531035748
Nerfed Fecal Sludge,3133620553,ferny.nerfedfecalsludge,1,0,0,Gameplay tweaks,https://steamcommunity.com/sharedfiles/filedetails/?id=3133620553
Neural Supercharger Ownership,3285440328,ilyvion.neuralsuperchargerownership,1,0,0,Gameplay tweaks,https://steamcommunity.com/sharedfiles/filedetails/?id=3285440328
New Ritual Rewards,3680590908,gilith.newritualreward,0,1,0,Ideology & social,https://steamcommunity.com/sharedfiles/filedetails/?id=3680590908
Nice Bill Tab,3520130671,andromeda.nicebilltab,1,0,0,UI & information,https://steamcommunity.com/sharedfiles/filedetails/?id=3520130671
Nice Bill Tab - Expansion,3721023311,HICON.NiceBillTabExpansion,1,0,0,UI & information,https://steamcommunity.com/sharedfiles/filedetails/?id=3721023311
Nice Health Tab,3328729902,andromeda.nicehealthtab,1,0,0,UI & information,https://steamcommunity.com/sharedfiles/filedetails/?id=3328729902
Nice Inventory Tab,3609897594,andromeda.niceinventorytab,1,0,0,UI & information,https://steamcommunity.com/sharedfiles/filedetails/?id=3609897594
Nice Plants Menu,3685058533,Andromeda.NicePlantsMenu,1,0,0,UI & information,https://steamcommunity.com/sharedfiles/filedetails/?id=3685058533
Nice Short Female Hairs,3316363751,andromeda.nicehairs,0,0,1,"Hair, bodies & animations",https://steamcommunity.com/sharedfiles/filedetails/?id=3316363751
Nightmare Core,3047049650,nightmare.core,1,0,0,Content & overhauls,https://steamcommunity.com/sharedfiles/filedetails/?id=3047049650
Nixte's Hair Salon,3785962373,Nixte24.NixtesHairSalon,0,0,1,"Hair, bodies & animations",https://steamcommunity.com/sharedfiles/filedetails/?id=3785962373
No Ambient Ducking,3784455797,sk.noambient,1,0,0,Gameplay tweaks,https://steamcommunity.com/sharedfiles/filedetails/?id=3784455797
No Bathroom Ruins,3773690890,Pluri.DBHAddonPatch.NoBathroomRuins,1,0,0,"Medical, needs & hygiene",https://steamcommunity.com/sharedfiles/filedetails/?id=3773690890
No Blush - Vanilla Facial Animations,3294973192,ferny.noblush,0,0,1,"Hair, bodies & animations",https://steamcommunity.com/sharedfiles/filedetails/?id=3294973192
No Burn Metal,1923990111,unon.noburnmetal,1,0,0,Gameplay tweaks,https://steamcommunity.com/sharedfiles/filedetails/?id=1923990111
No Disabled Factions In Quests,2892125637,kathanon.nodisabledfactions,1,0,0,"World, biomes, factions & travel",https://steamcommunity.com/sharedfiles/filedetails/?id=2892125637
No Factory Floor Requirement,3687039048,ferny.nofactoryfloorrequirement,1,0,0,"Building, production & storage",https://steamcommunity.com/sharedfiles/filedetails/?id=3687039048
No Headstone Till Buried,2845934338,wanzi.noheadstone,1,0,0,Gameplay tweaks,https://steamcommunity.com/sharedfiles/filedetails/?id=2845934338
No Hemogen Farm Medical Alert,2887053053,dark.nohemogenfarmmedicalalert,1,0,0,UI & information,https://steamcommunity.com/sharedfiles/filedetails/?id=2887053053
No Ingredient List Limit,2853567450,mlie.noingredientlistlimit,1,0,0,Quality of life,https://steamcommunity.com/sharedfiles/filedetails/?id=2853567450
No Log On Startup,3769605642,jimmyl.nologstartup,1,0,0,Performance & tools,https://steamcommunity.com/sharedfiles/filedetails/?id=3769605642
No Max Bills: Redux,3526216885,justharry.nomaxbillsredux,1,0,0,Quality of life,https://steamcommunity.com/sharedfiles/filedetails/?id=3526216885
No Modlist on Loading,3618480405,ferny.nomodlistonloading,1,0,0,Performance & tools,https://steamcommunity.com/sharedfiles/filedetails/?id=3618480405
No More Lethal Damage Threshold,2657551690,jdalt.nmldt,1,0,0,Gameplay tweaks,https://steamcommunity.com/sharedfiles/filedetails/?id=2657551690
No Quality Filter,3528263608,rabiosus.noqualityfilter,1,0,0,Gameplay tweaks,https://steamcommunity.com/sharedfiles/filedetails/?id=3528263608
No Random Apparel on Ideology Edit,2669243201,edern.norandomapparelonideoedit,1,0,0,"Apparel, styles & cosmetics",https://steamcommunity.com/sharedfiles/filedetails/?id=2669243201
No Time Change Sounds,2572368517,rhadamant.notimechangesounds,1,0,0,Gameplay tweaks,https://steamcommunity.com/sharedfiles/filedetails/?id=2572368517
No Version In Pause Menu,3568421458,Jetroid.DoNotDrawVersion,1,0,0,UI & information,https://steamcommunity.com/sharedfiles/filedetails/?id=3568421458
No Version Warning,2599504692,mlie.noversionwarning,1,0,0,Performance & tools,https://steamcommunity.com/sharedfiles/filedetails/?id=2599504692
Node Research,3729878405,ferny.noderesearch,1,0,0,UI & information,https://steamcommunity.com/sharedfiles/filedetails/?id=3729878405
Non-Lethal: Re-Examined,3455926746,Smxrez.nonlethalreexamined,0,1,0,Gameplay tweaks,https://steamcommunity.com/sharedfiles/filedetails/?id=3455926746
Noobert's Event Scheduler (Continued),3178111019,zal.eventscheduler,1,0,0,"World, biomes, factions & travel",https://steamcommunity.com/sharedfiles/filedetails/?id=3178111019
Not My Fault,2870045856,vesper.notmyfault,1,0,0,Gameplay tweaks,https://steamcommunity.com/sharedfiles/filedetails/?id=2870045856
Not Overhead Meal,2986525461,overheadmeal.patch,1,0,0,Gameplay tweaks,https://steamcommunity.com/sharedfiles/filedetails/?id=2986525461
Nudge Me - Melee Pathfinding Fix,3665657945,tas.nudgeme,1,0,0,Gameplay tweaks,https://steamcommunity.com/sharedfiles/filedetails/?id=3665657945
Numbers,1414302321,mehni.numbers,1,0,0,UI & information,https://steamcommunity.com/sharedfiles/filedetails/?id=1414302321
Numbers Trait AddOn,2068856562,telardo.numberstraitaddon,1,0,0,UI & information,https://steamcommunity.com/sharedfiles/filedetails/?id=2068856562
Nurse Job,1820501433,DarthSergeant.NurseJob,1,0,0,"Medical, needs & hygiene",https://steamcommunity.com/sharedfiles/filedetails/?id=1820501433
Nuzzle gene,3148538954,ZzZomboRW.Commission.NuzzleGene,0,1,0,Animals,https://steamcommunity.com/sharedfiles/filedetails/?id=3148538954
Nuzzle Me,3573691945,ChaoticEnrico.NuzzleMe,1,0,0,Animals,https://steamcommunity.com/sharedfiles/filedetails/?id=3573691945
Odyssey Animal Voice Genes,3552053232,pacca.genevoiceanimalsodyssey,0,1,0,Animals,https://steamcommunity.com/sharedfiles/filedetails/?id=3552053232
Office Supplies,3394085110,lunartika.os,0,0,1,"Apparel, styles & cosmetics",https://steamcommunity.com/sharedfiles/filedetails/?id=3394085110
Offspring Inherit Xenogenes (Continued),3266000468,mlie.offspringinheritxenogenes,1,0,0,"Genes, xenotypes & races",https://steamcommunity.com/sharedfiles/filedetails/?id=3266000468
Omni Tab,3663372521,Scheigster.OmniTab,1,0,0,UI & information,https://steamcommunity.com/sharedfiles/filedetails/?id=3663372521
Omnivore Animals,3544122256,Noctis.OmniAnimals,1,0,0,Animals,https://steamcommunity.com/sharedfiles/filedetails/?id=3544122256
Only If 'Tolerance' Below in Drug Policy,3088210509,seohyeon.onlyiftolerancebelow,1,0,0,Gameplay tweaks,https://steamcommunity.com/sharedfiles/filedetails/?id=3088210509
Opulent Gold,3138887051,vissov.floortile,0,1,0,Gameplay tweaks,https://steamcommunity.com/sharedfiles/filedetails/?id=3138887051
Opulent Gold - Patches,3695208570,beansprout.opulentgold.patches,0,1,0,Patches & compatibility,https://steamcommunity.com/sharedfiles/filedetails/?id=3695208570
Oracle's Miscellania,3279582979,oracle.miscellania,0,0,1,"Apparel, styles & cosmetics",https://steamcommunity.com/sharedfiles/filedetails/?id=3279582979
Orbital Station Start,3773528576,alt4s.OrbitalStationStart,0,1,0,"World, biomes, factions & travel",https://steamcommunity.com/sharedfiles/filedetails/?id=3773528576
Organ Decay Variety,3238650014,dynamic.organdecayvariety,1,0,0,"Medical, needs & hygiene",https://steamcommunity.com/sharedfiles/filedetails/?id=3238650014
Organ use No sell,3053705400,yoann.organusenosell,1,0,0,"Medical, needs & hygiene",https://steamcommunity.com/sharedfiles/filedetails/?id=3053705400
Outland - More Floors,2873199953,neronix17.outland.morefloors,0,0,1,"Building, production & storage",https://steamcommunity.com/sharedfiles/filedetails/?id=2873199953
Outpost Manager,3636270694,shyguyspirit.outpostmanager,1,0,0,"Building, production & storage",https://steamcommunity.com/sharedfiles/filedetails/?id=3636270694
Oxygen Detector,3587621326,chirpful.oxygendetector,1,0,0,Gameplay tweaks,https://steamcommunity.com/sharedfiles/filedetails/?id=3587621326
P-Music,725130005,peppsen.pmusic,1,0,0,Audio & music,https://steamcommunity.com/sharedfiles/filedetails/?id=725130005
Pacing Manager,3613142246,ferny.pacingmanager,1,0,0,Gameplay tweaks,https://steamcommunity.com/sharedfiles/filedetails/?id=3613142246
Pack Your Craw,3785541749,DirtbagActual.PackYourCraw,0,1,0,Gameplay tweaks,https://steamcommunity.com/sharedfiles/filedetails/?id=3785541749
Pack Your Craw (Retexture),3785816610,morton.RetexturePackYourCraw,0,1,0,Textures & retextures,https://steamcommunity.com/sharedfiles/filedetails/?id=3785816610
Paintable Spots & Objects,2902039321,kongkim.paintablespotsobjects,1,0,0,Gameplay tweaks,https://steamcommunity.com/sharedfiles/filedetails/?id=2902039321
"Panels, Frames & Stairs",2844647879,kongkim.panelsframes,0,0,1,"Apparel, styles & cosmetics",https://steamcommunity.com/sharedfiles/filedetails/?id=2844647879
Parka Retexture,2984307648,tied.parkaretex,1,0,0,Textures & retextures,https://steamcommunity.com/sharedfiles/filedetails/?id=2984307648
Party Your F****** Ass Off (Continued),3656819555,Mlie.PartyYourFAssOff,1,0,0,Gameplay tweaks,https://steamcommunity.com/sharedfiles/filedetails/?id=3656819555
PATCHED 1.6 [KV] Call Trade Ships,3513064727,Wecardo.CallTradeShips,1,0,0,Patches & compatibility,https://steamcommunity.com/sharedfiles/filedetails/?id=3513064727
Path Avoid (1.6 Rebuild),3779284077,simeyo.PathAvoid,1,0,0,Quality of life,https://steamcommunity.com/sharedfiles/filedetails/?id=3779284077
Pause other settlements simulation,3526657761,esvn.pauseothersettlementssimulation,1,0,0,"World, biomes, factions & travel",https://steamcommunity.com/sharedfiles/filedetails/?id=3526657761
Pawn Editor Forked,3667931113,segaswolf.pawneditor.fork,1,0,0,Gameplay tweaks,https://steamcommunity.com/sharedfiles/filedetails/?id=3667931113
Pawn Name Variety (Continued),3548290568,mlie.pawnnamevariety,1,0,0,Gameplay tweaks,https://steamcommunity.com/sharedfiles/filedetails/?id=3548290568
Pawn Notes,3400513584,nalzurin.pawnnotes,1,0,0,UI & information,https://steamcommunity.com/sharedfiles/filedetails/?id=3400513584
Pawn Perspective,3718719179,sk.pawnperspective,1,0,0,Gameplay tweaks,https://steamcommunity.com/sharedfiles/filedetails/?id=3718719179
Pawns on Display,3446605621,nawjak.pawnsondisplay,0,1,0,Gameplay tweaks,https://steamcommunity.com/sharedfiles/filedetails/?id=3446605621
Pawns Use Fire Extinguishers (Continued),3612608024,mlie.pawnsusefireextinguishers,1,0,0,Gameplay tweaks,https://steamcommunity.com/sharedfiles/filedetails/?id=3612608024
Pen Audit,3701471570,funstab.penaudit,1,0,0,Gameplay tweaks,https://steamcommunity.com/sharedfiles/filedetails/?id=3701471570
Penguin Expansion,3719172734,Filippo.PenguinExpansion,0,1,0,Animals,https://steamcommunity.com/sharedfiles/filedetails/?id=3719172734
Penitent Specialist,3756595684,SierraOnline.KnightPenitent,0,1,0,Gameplay tweaks,https://steamcommunity.com/sharedfiles/filedetails/?id=3756595684
Perfect Placement,3628576625,remi.perfectplacement,1,0,0,Quality of life,https://steamcommunity.com/sharedfiles/filedetails/?id=3628576625
Performance - Slower Pawn Tick Rate,3524116050,arkymn.slowerpawntickrate,1,0,0,Performance & tools,https://steamcommunity.com/sharedfiles/filedetails/?id=3524116050
Performance Esmolas,3676343434,Arkymn.PerformanceEsmolas,1,0,0,Performance & tools,https://steamcommunity.com/sharedfiles/filedetails/?id=3676343434
Performance Optimizer,2664723367,taranchuk.performanceoptimizer,1,0,0,Performance & tools,https://steamcommunity.com/sharedfiles/filedetails/?id=2664723367
Perishable (and More),2294597530,wtfomgjohnny.perishable,1,0,0,Gameplay tweaks,https://steamcommunity.com/sharedfiles/filedetails/?id=2294597530
Permanent Enemies Never Flee,2469532299,mlie.permanentenemiesneverflee,1,0,0,Gameplay tweaks,https://steamcommunity.com/sharedfiles/filedetails/?id=2469532299
Permits: Re-Examined,3521089734,smxrez.permitsreexamined,1,0,0,Gameplay tweaks,https://steamcommunity.com/sharedfiles/filedetails/?id=3521089734
Persistent Precepts,2944765939,alleykat.persistentprecepts,1,0,0,Ideology & social,https://steamcommunity.com/sharedfiles/filedetails/?id=2944765939
Personal Doors (Continued),3592669060,zal.personaldoors,1,0,0,"Building, production & storage",https://steamcommunity.com/sharedfiles/filedetails/?id=3592669060
Perspective Shift,3686618980,ferny.perspectiveshift,1,0,0,Gameplay tweaks,https://steamcommunity.com/sharedfiles/filedetails/?id=3686618980
Perspective: Eaves (Continued),3346964576,mlie.perspectiveeaves,1,0,0,Gameplay tweaks,https://steamcommunity.com/sharedfiles/filedetails/?id=3346964576
Perspective: Paths Continued,3280637253,owlchemist.perspectivepaths,1,0,0,Gameplay tweaks,https://steamcommunity.com/sharedfiles/filedetails/?id=3280637253
Pesky's Arcanist Ideology Style Pack,3370539088,pesky.arcanist.style,0,0,1,"Apparel, styles & cosmetics",https://steamcommunity.com/sharedfiles/filedetails/?id=3370539088
Peto Progression - Progression Storytellers,3791277458,ferny.PetoProgression,1,0,0,"Research, storytellers & progression",https://steamcommunity.com/sharedfiles/filedetails/?id=3791277458
Phase Weaponry,3222694245,det.phaseweaponry,0,1,0,"Combat, weapons & raids",https://steamcommunity.com/sharedfiles/filedetails/?id=3222694245
Phase Weaponry - Revert Man in Black Change,3328573858,loki.phaseweaponrynmib,0,1,0,"Combat, weapons & raids",https://steamcommunity.com/sharedfiles/filedetails/?id=3328573858
Pick Up And Haul,1279012058,mehni.pickupandhaul,1,0,0,Quality of life,https://steamcommunity.com/sharedfiles/filedetails/?id=1279012058
Pillar Planner,3768069893,astryl.PillarPlanner,1,0,0,Gameplay tweaks,https://steamcommunity.com/sharedfiles/filedetails/?id=3768069893
Pilot Console Retexture,3528477422,happycam.odysseyconsoleretexture,1,0,0,Textures & retextures,https://steamcommunity.com/sharedfiles/filedetails/?id=3528477422
Pipette Tool,2787342464,telardo.pipettetool,1,0,0,Quality of life,https://steamcommunity.com/sharedfiles/filedetails/?id=2787342464
Planning Extended,2877392159,scherub.planningextended,1,0,0,Quality of life,https://steamcommunity.com/sharedfiles/filedetails/?id=2877392159
PlatformStudyToggle,3228118083,tk421storm.platformstudytoggle,1,0,0,Gameplay tweaks,https://steamcommunity.com/sharedfiles/filedetails/?id=3228118083
Platonic Relationships,3395394391,lydocia.PlatonicRelationships,1,0,0,Ideology & social,https://steamcommunity.com/sharedfiles/filedetails/?id=3395394391
Please use the pews ! (Ritual Seats Range Fix),3792610727,reqo.pleaseusethepews,1,0,0,Ideology & social,https://steamcommunity.com/sharedfiles/filedetails/?id=3792610727
Pocket Sand,2226330302,usagirei.pocketsand,1,0,0,Gameplay tweaks,https://steamcommunity.com/sharedfiles/filedetails/?id=2226330302
PocketMap Architect Fix,3386472432,dizzyeevee.pocketmaparchitectfix,1,0,0,Gameplay tweaks,https://steamcommunity.com/sharedfiles/filedetails/?id=3386472432
Pointed Elf Ears Refined,2886966525,hysila.refinedelfears,1,0,0,Gameplay tweaks,https://steamcommunity.com/sharedfiles/filedetails/?id=2886966525
Police Uniforms,3474720857,pu.lunartikaaa,0,1,0,"Apparel, styles & cosmetics",https://steamcommunity.com/sharedfiles/filedetails/?id=3474720857
Political Compass - Mort's Ideologies,2932322843,mortstrudel.mortideology,0,1,0,Ideology & social,https://steamcommunity.com/sharedfiles/filedetails/?id=2932322843
Polyamory Beds (1.5+),3276496684,Meltup.PolyamoryBeds.Vanilla,0,1,0,Ideology & social,https://steamcommunity.com/sharedfiles/filedetails/?id=3276496684
Polyamory Trait,3760161846,lucius.polyamorytrait,0,1,0,Ideology & social,https://steamcommunity.com/sharedfiles/filedetails/?id=3760161846
Ponpeco Furnitures : Kids' Room,3367310887,ponpeco.PFKidsRoom,0,0,1,"Furniture, decor & props",https://steamcommunity.com/sharedfiles/filedetails/?id=3367310887
Ponpeco Furnitures : Sci-Fi,3610234567,ponpeco.pfsf,0,0,1,"Furniture, decor & props",https://steamcommunity.com/sharedfiles/filedetails/?id=3610234567
Ponpeco Pajamas,3482959515,ponpeco.ponpecopajamas,0,0,1,"Apparel, styles & cosmetics",https://steamcommunity.com/sharedfiles/filedetails/?id=3482959515
Popup Alerts for Condition Ending,3359890371,espio.endpopup,1,0,0,UI & information,https://steamcommunity.com/sharedfiles/filedetails/?id=3359890371
Popup Framework,3654537815,ferny.PopupFramework,1,0,0,Frameworks & libraries,https://steamcommunity.com/sharedfiles/filedetails/?id=3654537815
Power Alerts,1664714758,diddily.poweralerts,1,0,0,UI & information,https://steamcommunity.com/sharedfiles/filedetails/?id=1664714758
Power Indicators,899714534,erdelf.powerindicators,1,0,0,"Building, production & storage",https://steamcommunity.com/sharedfiles/filedetails/?id=899714534
Power Poles,2507086460,co.uk.epicguru.rimforgepoles,0,1,0,"Building, production & storage",https://steamcommunity.com/sharedfiles/filedetails/?id=2507086460
Power Poles Extended,3339142899,gy.ppextend,0,1,0,"Building, production & storage",https://steamcommunity.com/sharedfiles/filedetails/?id=3339142899
Power Poles uninstall fix,3793846993,linnun.powerpolesuninstallfix,0,1,0,"Building, production & storage",https://steamcommunity.com/sharedfiles/filedetails/?id=3793846993
Power Tab 2 - 1.6 Bug Fixed Version,3528086894,owlchemist.powertab.forked.runningbugs,1,0,0,UI & information,https://steamcommunity.com/sharedfiles/filedetails/?id=3528086894
Power: Re-Examined,3590186274,smxrez.powerreexamined,1,0,0,"Building, production & storage",https://steamcommunity.com/sharedfiles/filedetails/?id=3590186274
Pregnancy Attitude,3530918349,carriedactyl.pregnancyattitude,1,0,0,"Medical, needs & hygiene",https://steamcommunity.com/sharedfiles/filedetails/?id=3530918349
Premade Xenotype Floatmenu to Dialog,3350991041,lee.xenotypefloattodialogue,1,0,0,UI & information,https://steamcommunity.com/sharedfiles/filedetails/?id=3350991041
Prepare Moderately,2057362949,lakuna.preparemoderately,1,0,0,Quality of life,https://steamcommunity.com/sharedfiles/filedetails/?id=2057362949
Prepatcher,2934420800,zetrith.prepatcher,1,0,0,Patches & compatibility,https://steamcommunity.com/sharedfiles/filedetails/?id=2934420800
Preschooler Clothes,2937387968,yamazaki.PreschoolerOutfits,0,0,1,"Apparel, styles & cosmetics",https://steamcommunity.com/sharedfiles/filedetails/?id=2937387968
Prim's Hair,3416781129,Loopus.PrimHairs,0,0,1,"Hair, bodies & animations",https://steamcommunity.com/sharedfiles/filedetails/?id=3416781129
Priority Treatment Ressurected,3009738919,tk421storm.prioritytreatmentressurected,1,0,0,Gameplay tweaks,https://steamcommunity.com/sharedfiles/filedetails/?id=3009738919
Prison Commons (Continued),2898000489,mlie.prisoncommons,1,0,0,Gameplay tweaks,https://steamcommunity.com/sharedfiles/filedetails/?id=2898000489
Prisoner Arena (Continued),2022581505,mlie.prisonerarena,0,1,0,Ideology & social,https://steamcommunity.com/sharedfiles/filedetails/?id=2022581505
Prisoner Jumpsuits,3402467889,ocarina.prisonerjumpsuits,0,1,0,"Apparel, styles & cosmetics",https://steamcommunity.com/sharedfiles/filedetails/?id=3402467889
Prisoner Jumpsuits - No Quality,3544594291,ryuudra.prisonerjumpsuits.noquality,0,1,0,"Apparel, styles & cosmetics",https://steamcommunity.com/sharedfiles/filedetails/?id=3544594291
Prisoners Should Fear Turrets,2602436826,mlie.prisonersshouldfearturrets,1,0,0,"Combat, weapons & raids",https://steamcommunity.com/sharedfiles/filedetails/?id=2602436826
Progression: Agriculture,3418017359,ferny.progressionagriculture,1,0,0,"Research, storytellers & progression",https://steamcommunity.com/sharedfiles/filedetails/?id=3418017359
Progression: Attire,3634874325,ferny.progressionattire,1,0,0,"Research, storytellers & progression",https://steamcommunity.com/sharedfiles/filedetails/?id=3634874325
Progression: Core,3301868772,ferny.progressioncore,1,0,0,"Research, storytellers & progression",https://steamcommunity.com/sharedfiles/filedetails/?id=3301868772
Progression: Drugs,3763005969,ferny.progressiondrugs,1,0,0,"Research, storytellers & progression",https://steamcommunity.com/sharedfiles/filedetails/?id=3763005969
Progression: Education,3590863552,ferny.progressioneducation,1,0,0,"Research, storytellers & progression",https://steamcommunity.com/sharedfiles/filedetails/?id=3590863552
Progression: Factories,3690565613,ferny.progressionfactories,1,0,0,"Research, storytellers & progression",https://steamcommunity.com/sharedfiles/filedetails/?id=3690565613
Progression: Furniture,3771246586,ferny.progressionfurniture,1,0,0,"Furniture, decor & props",https://steamcommunity.com/sharedfiles/filedetails/?id=3771246586
Progression: Genetics,3239506998,ferny.progressiongenetics,0,1,0,"Research, storytellers & progression",https://steamcommunity.com/sharedfiles/filedetails/?id=3239506998
Progression: Gravship,3522893553,ferny.progressiongravship,1,0,0,"Research, storytellers & progression",https://steamcommunity.com/sharedfiles/filedetails/?id=3522893553
Progression: Hives,3783411735,ferny.progressionhives,0,1,0,"Research, storytellers & progression",https://steamcommunity.com/sharedfiles/filedetails/?id=3783411735
Progression: Hospitality,3265298940,ferny.progressionhospitality,1,0,0,"Research, storytellers & progression",https://steamcommunity.com/sharedfiles/filedetails/?id=3265298940
Progression: Kitchen,3424640315,ferny.progressionkitchen,1,0,0,"Research, storytellers & progression",https://steamcommunity.com/sharedfiles/filedetails/?id=3424640315
Progression: Production,3453408412,ferny.progressionproduction,1,0,0,"Research, storytellers & progression",https://steamcommunity.com/sharedfiles/filedetails/?id=3453408412
Progression: Robotics,3736402055,ferny.progressionrobotics2,1,0,0,"Research, storytellers & progression",https://steamcommunity.com/sharedfiles/filedetails/?id=3736402055
Progression: Scenarios,3378384387,ferny.progressionscenarios,1,0,0,"Research, storytellers & progression",https://steamcommunity.com/sharedfiles/filedetails/?id=3378384387
Progression: Soundtrack,3620726714,ferny.progressionsoundtrack,1,0,0,Audio & music,https://steamcommunity.com/sharedfiles/filedetails/?id=3620726714
Progression: Storage,3292746186,ferny.progressionstorage,1,0,0,"Research, storytellers & progression",https://steamcommunity.com/sharedfiles/filedetails/?id=3292746186
Progression: Storytellers,3361425712,ferny.progressionstorytellers,1,0,0,"Research, storytellers & progression",https://steamcommunity.com/sharedfiles/filedetails/?id=3361425712
Progression: Temperature,3253283971,ferny.progressiontemperature,1,0,0,"Research, storytellers & progression",https://steamcommunity.com/sharedfiles/filedetails/?id=3253283971
Progression: Therapy,3753615736,ferny.ProgressionEducation,1,0,0,"Research, storytellers & progression",https://steamcommunity.com/sharedfiles/filedetails/?id=3753615736
Progression: Verticality,3416136317,ferny.progressionverticality,1,0,0,"Research, storytellers & progression",https://steamcommunity.com/sharedfiles/filedetails/?id=3416136317
Progression: Warfare,3422293321,ferny.progressionwarfare,1,0,0,"Research, storytellers & progression",https://steamcommunity.com/sharedfiles/filedetails/?id=3422293321
Progression: Warrants,3270214529,ferny.progressionwarrants,0,1,0,"Research, storytellers & progression",https://steamcommunity.com/sharedfiles/filedetails/?id=3270214529
Progression: Worlds,3534993993,ferny.progressionworlds,1,0,0,"Research, storytellers & progression",https://steamcommunity.com/sharedfiles/filedetails/?id=3534993993
Proselytizing Never,3053650876,yoann.proselytizingnever,1,0,0,Gameplay tweaks,https://steamcommunity.com/sharedfiles/filedetails/?id=3053650876
Prosthetic No Missing Body Parts (Continued),2739055353,mlie.prostheticnomissingbodyparts,1,0,0,"Genes, xenotypes & races",https://steamcommunity.com/sharedfiles/filedetails/?id=2739055353
Psilocap Genes,3617867097,halicade.psilocapgenes,1,0,0,"Genes, xenotypes & races",https://steamcommunity.com/sharedfiles/filedetails/?id=3617867097
Psycaster Colonists Tab,3699245205,codex.psycastercoloniststab,1,0,0,UI & information,https://steamcommunity.com/sharedfiles/filedetails/?id=3699245205
Pulse Weaponry,3077879089,detvisor.pulseweaponry,0,1,0,"Combat, weapons & raids",https://steamcommunity.com/sharedfiles/filedetails/?id=3077879089
Pumpkin Hairstyles,3783859385,Pumpkin.PumpkinHairs2,0,0,1,"Hair, bodies & animations",https://steamcommunity.com/sharedfiles/filedetails/?id=3783859385
Pumpkinlass Visible Pants Retexture,3772689105,Pumpkinlass.PantsRetexture,0,0,1,"Apparel, styles & cosmetics",https://steamcommunity.com/sharedfiles/filedetails/?id=3772689105
Pumpkinlass: Veils and Scarves,3791107642,Pumpkinlass.VeilsNScarves,0,0,1,"Building, production & storage",https://steamcommunity.com/sharedfiles/filedetails/?id=3791107642
Punch Button,2651392585,Fuu.PunchAttack,1,0,0,"Combat, weapons & raids",https://steamcommunity.com/sharedfiles/filedetails/?id=2651392585
Quality Colors (Continued),3513846773,dawnsglow.qualcolor,1,0,0,Gameplay tweaks,https://steamcommunity.com/sharedfiles/filedetails/?id=3513846773
Quality Overlay,2568283376,telardo.qualityoverlay,1,0,0,UI & information,https://steamcommunity.com/sharedfiles/filedetails/?id=2568283376
Quest Generation Tweaks,3625994394,jaeger972.questgenerationtweaks,1,0,0,"World, biomes, factions & travel",https://steamcommunity.com/sharedfiles/filedetails/?id=3625994394
Questing Meme,2826539854,sirmashedpotato.questingmeme,0,1,0,"World, biomes, factions & travel",https://steamcommunity.com/sharedfiles/filedetails/?id=2826539854
Quick Accuracy Overlay,3529158770,rer.accuracyoverlay,1,0,0,UI & information,https://steamcommunity.com/sharedfiles/filedetails/?id=3529158770
Quick Jump to Location,2776090582,quickjumptolocation.1trickPwnyta,1,0,0,Gameplay tweaks,https://steamcommunity.com/sharedfiles/filedetails/?id=2776090582
Quick Stockpile Creation,1742151109,longwater.smartstockpilecreation,1,0,0,"Building, production & storage",https://steamcommunity.com/sharedfiles/filedetails/?id=1742151109
Racing Stripes,3725622983,literateAmateur.skinsZero,0,0,1,"Apparel, styles & cosmetics",https://steamcommunity.com/sharedfiles/filedetails/?id=3725622983
Raiders Inherit,3782411214,sk.raidersinherit,1,0,0,"Combat, weapons & raids",https://steamcommunity.com/sharedfiles/filedetails/?id=3782411214
Raids For Me,1633517937,arandomkiwi.raidsforme,1,0,0,"Combat, weapons & raids",https://steamcommunity.com/sharedfiles/filedetails/?id=1633517937
Raise specialist limit,2580915852,lvlvbnh.raisespecialistlimit,1,0,0,Gameplay tweaks,https://steamcommunity.com/sharedfiles/filedetails/?id=2580915852
Random Start,3257028947,bogknight.randomstart,1,0,0,Gameplay tweaks,https://steamcommunity.com/sharedfiles/filedetails/?id=3257028947
Real Faction Guest (Continued),2886929245,mlie.realfactionguest,1,0,0,"World, biomes, factions & travel",https://steamcommunity.com/sharedfiles/filedetails/?id=2886929245
Real Flamethrowers,2949407070,Sl4vP0weR.RealFlamethrowers,0,1,0,"Combat, weapons & raids",https://steamcommunity.com/sharedfiles/filedetails/?id=2949407070
Real Ruins,1552146295,woolstrand.realruins,1,0,0,"World, biomes, factions & travel",https://steamcommunity.com/sharedfiles/filedetails/?id=1552146295
Realistic Darkness (Light),1555355332,wemd.realisticdarknesslight,1,0,0,Gameplay tweaks,https://steamcommunity.com/sharedfiles/filedetails/?id=1555355332
Realistic Rooms Rewritten,2558042766,lucifer.realisticrooms,1,0,0,Gameplay tweaks,https://steamcommunity.com/sharedfiles/filedetails/?id=2558042766
ReBuild: Doors and Corners,3262718980,rebuild.cotr.doorsandcorners,1,0,0,"Building, production & storage",https://steamcommunity.com/sharedfiles/filedetails/?id=3262718980
ReBuild: Doors and Corners - Cell Door Fix,3598547615,rebuild.celldoorfix,1,0,0,"Building, production & storage",https://steamcommunity.com/sharedfiles/filedetails/?id=3598547615
Reduce Skipdoor Distortion Effects,3111751800,rabiosus.reduceskipdoordistortioneffect,1,0,0,"Building, production & storage",https://steamcommunity.com/sharedfiles/filedetails/?id=3111751800
Reel's Expanded Storage,3237638097,reel.expanded.storage,1,0,0,"Building, production & storage",https://steamcommunity.com/sharedfiles/filedetails/?id=3237638097
Reel's Facial Animation Textures,3118315633,reel.facialanims,0,0,1,"Hair, bodies & animations",https://steamcommunity.com/sharedfiles/filedetails/?id=3118315633
Reel's Insector Faction,3309022698,reel.insectorfaction,0,1,0,"World, biomes, factions & travel",https://steamcommunity.com/sharedfiles/filedetails/?id=3309022698
Reel's Turret Pipeline,3424132769,reel.turretpipeline,1,0,0,"Combat, weapons & raids",https://steamcommunity.com/sharedfiles/filedetails/?id=3424132769
Reese's Dirtmole Glowup,3587761388,stocksounds.dirtmoleoverhaul,1,0,0,Gameplay tweaks,https://steamcommunity.com/sharedfiles/filedetails/?id=3587761388
Reese's Dirtmole Glowup - VE Facial Animation Support,3667814780,chemicplosion.fadirtmoleoverhaul,0,0,1,"Hair, bodies & animations",https://steamcommunity.com/sharedfiles/filedetails/?id=3667814780
ReGrowth 2,2260097569,regrowth.botr.core,1,0,0,Content & overhauls,https://steamcommunity.com/sharedfiles/filedetails/?id=2260097569
ReGrowth 2 World Map Beautification for Alpha Biomes,3564679302,noxilie.regrow.wmb.alphabiomes,0,1,0,Content & overhauls,https://steamcommunity.com/sharedfiles/filedetails/?id=3564679302
ReGrowth 2: Aspen,2545774148,regrowth.botr.aspenforest,0,1,0,Content & overhauls,https://steamcommunity.com/sharedfiles/filedetails/?id=2545774148
ReGrowth: Boiling,3565675704,regrowth.botr.boilingforest,0,1,0,Content & overhauls,https://steamcommunity.com/sharedfiles/filedetails/?id=3565675704
Release The Rats! (Trainable Rats),2050586249,mosi.releaserats,1,0,0,Animals,https://steamcommunity.com/sharedfiles/filedetails/?id=2050586249
Remove Bad Hygiene Wiki,3725157711,ferny.RemoveBadHygieneWiki,1,0,0,"Medical, needs & hygiene",https://steamcommunity.com/sharedfiles/filedetails/?id=3725157711
Remove Colonies Limit,3745014294,ferny.RemoveColoniesLimit,1,0,0,Gameplay tweaks,https://steamcommunity.com/sharedfiles/filedetails/?id=3745014294
Remove Tutorial Button,781505663,merthsoft.removetutorialbutton,1,0,0,Gameplay tweaks,https://steamcommunity.com/sharedfiles/filedetails/?id=781505663
Rename Pawns,2582635772,relta.renamepawns,1,0,0,Gameplay tweaks,https://steamcommunity.com/sharedfiles/filedetails/?id=2582635772
Replace Stuff - Continued,3526354009,memegoddess.replacestuff,1,0,0,"Building, production & storage",https://steamcommunity.com/sharedfiles/filedetails/?id=3526354009
ReplaceLib,3417393194,ferny.replacelib,1,0,0,Frameworks & libraries,https://steamcommunity.com/sharedfiles/filedetails/?id=3417393194
Rescuee Joiner Plus,2177170403,ogliss.rescueejoinsplus,1,0,0,Gameplay tweaks,https://steamcommunity.com/sharedfiles/filedetails/?id=2177170403
Research Icons,3688553480,sk.researchicons,1,0,0,UI & information,https://steamcommunity.com/sharedfiles/filedetails/?id=3688553480
Research Papers,3492739424,ChaoticEnrico.ResearchPapers,1,0,0,UI & information,https://steamcommunity.com/sharedfiles/filedetails/?id=3492739424
Research Papers Tech Levels (Retexture),3759752068,morton.RetextureResearchPapersTechLevels,1,0,0,Textures & retextures,https://steamcommunity.com/sharedfiles/filedetails/?id=3759752068
Research Tab Colors,3108740804,aelanna.researchtabcolors,1,0,0,UI & information,https://steamcommunity.com/sharedfiles/filedetails/?id=3108740804
Resize Filter Tab,2914821423,Nonnonstop.ResizeFilterTab,1,0,0,UI & information,https://steamcommunity.com/sharedfiles/filedetails/?id=2914821423
Resource Delivery Helper,3696859196,ferny.ResourceDeliveryHelper,1,0,0,Gameplay tweaks,https://steamcommunity.com/sharedfiles/filedetails/?id=3696859196
ReSplice: Charmweavers,3131996691,resplice.xotr.charmweavers,0,1,0,Content & overhauls,https://steamcommunity.com/sharedfiles/filedetails/?id=3131996691
ReSplice: Core,3236303965,resplice.xotr.core,1,0,0,Content & overhauls,https://steamcommunity.com/sharedfiles/filedetails/?id=3236303965
Restrict Undrawn Apparel,3629753146,ferny.restrictundrawnapparel,1,0,0,"Apparel, styles & cosmetics",https://steamcommunity.com/sharedfiles/filedetails/?id=3629753146
Resurrect Animals (VPE Patch),3785523304,hellold6.resurrectanimals,1,0,0,Patches & compatibility,https://steamcommunity.com/sharedfiles/filedetails/?id=3785523304
Retextured Apparel 1.5 (Apparel Textures only),3233585231,chad.retexturedapparelnopawns1.5,1,0,0,"Apparel, styles & cosmetics",https://steamcommunity.com/sharedfiles/filedetails/?id=3233585231
Retextured! - RT Fuse,2979449586,soulretextured.rtfuse,1,0,0,Textures & retextures,https://steamcommunity.com/sharedfiles/filedetails/?id=2979449586
Reverse Commands,858744731,brrainz.reversecommands,1,0,0,Quality of life,https://steamcommunity.com/sharedfiles/filedetails/?id=858744731
Reverse Engineered Region Adjusters,2982567135,pal5k.reverseengineeredregionadjusters,0,1,0,Gameplay tweaks,https://steamcommunity.com/sharedfiles/filedetails/?id=2982567135
Revert Column Texture,3534066559,victor.column,1,0,0,Textures & retextures,https://steamcommunity.com/sharedfiles/filedetails/?id=3534066559
RhodesianRidgebacks,2076237940,rtp.rhodesianridgebacks,0,1,0,Animals,https://steamcommunity.com/sharedfiles/filedetails/?id=2076237940
Rick and Morty Hairs 1.6 (Forked),3535830142,candycorn.rickandmortyhairs,0,0,1,"Hair, bodies & animations",https://steamcommunity.com/sharedfiles/filedetails/?id=3535830142
Right Click to Toss Carried Pawn,3779630220,Alma.TossEm,1,0,0,Quality of life,https://steamcommunity.com/sharedfiles/filedetails/?id=3779630220
Right-Click Gizmo Indicator,3750529401,CheaterEater.RightClickGizmoIndicator,1,0,0,UI & information,https://steamcommunity.com/sharedfiles/filedetails/?id=3750529401
Rim is Ready,3796688140,sk.artisanexp,1,0,0,Gameplay tweaks,https://steamcommunity.com/sharedfiles/filedetails/?id=3796688140
Rim-Elves,3028702598,vexedtrees980.rimelvesbiotech,0,1,0,"Genes, xenotypes & races",https://steamcommunity.com/sharedfiles/filedetails/?id=3028702598
Rim-Elves/Medieval Overhaul patch,3721278193,Lucius.ElveMOpatch,0,1,0,Patches & compatibility,https://steamcommunity.com/sharedfiles/filedetails/?id=3721278193
Rim-Gnoblins,3018569666,vexedtrees980.rimgnoblinsbiotech,0,1,0,"Genes, xenotypes & races",https://steamcommunity.com/sharedfiles/filedetails/?id=3018569666
Rimbody,3354086860,maux36.rimbody,1,0,0,Content & overhauls,https://steamcommunity.com/sharedfiles/filedetails/?id=3354086860
Rimbody - Stat Module,3373263045,Maux36.Rimbody.statmodule,1,0,0,Content & overhauls,https://steamcommunity.com/sharedfiles/filedetails/?id=3373263045
Rimbody Vanilla-Style Integration Patch,3734917610,ferny.RimbodyIntegrationPatch,1,0,0,Patches & compatibility,https://steamcommunity.com/sharedfiles/filedetails/?id=3734917610
RimHUD,1508850027,jaxe.rimhud,1,0,0,UI & information,https://steamcommunity.com/sharedfiles/filedetails/?id=1508850027
RimJoust,3743710674,forti.rimjoust,0,1,0,Content & overhauls,https://steamcommunity.com/sharedfiles/filedetails/?id=3743710674
Rimmessian Fox,3708558259,hubertdragon.rimmessianfox,0,1,0,Gameplay tweaks,https://steamcommunity.com/sharedfiles/filedetails/?id=3708558259
RimSaves,1713367505,arandomkiwi.rimsaves,1,0,0,Performance & tools,https://steamcommunity.com/sharedfiles/filedetails/?id=1713367505
Rimsenal Style Pack - Murica,2824711444,rimsenal.murica,0,0,1,"Apparel, styles & cosmetics",https://steamcommunity.com/sharedfiles/filedetails/?id=2824711444
Rimsenal Style Pack - Sophian,2655926624,rimsenal.sophian,0,0,1,"Apparel, styles & cosmetics",https://steamcommunity.com/sharedfiles/filedetails/?id=2655926624
Rimsenal Style Pack - Techist,2661828028,rimsenal.techist,0,0,1,"Apparel, styles & cosmetics",https://steamcommunity.com/sharedfiles/filedetails/?id=2661828028
Rimsenal Style Pack - Urbworld,2908039338,rimsenal.urb,0,0,1,"Apparel, styles & cosmetics",https://steamcommunity.com/sharedfiles/filedetails/?id=2908039338
RimToll,3775890690,forti.rimtoll,0,1,0,Gameplay tweaks,https://steamcommunity.com/sharedfiles/filedetails/?id=3775890690
RimTraits - Vanilla Trait Colors,2244594116,sierra.rt.vanillatraitcolors,1,0,0,Ideology & social,https://steamcommunity.com/sharedfiles/filedetails/?id=2244594116
Rimworld: Soundscape Enhanced,3276642170,tro.soundscape.enhanced,1,0,0,"World, biomes, factions & travel",https://steamcommunity.com/sharedfiles/filedetails/?id=3276642170
Ritual Filter,3731965187,zwei2stein.RitualFilter,1,0,0,Ideology & social,https://steamcommunity.com/sharedfiles/filedetails/?id=3731965187
Ritual Size Attenuation [1.5+],3262033797,delmaintweaks.ritualsizeattenuation,1,0,0,Ideology & social,https://steamcommunity.com/sharedfiles/filedetails/?id=3262033797
River's Tribal Shoes,2797271174,River.Tribal.Shoes,0,1,0,Gameplay tweaks,https://steamcommunity.com/sharedfiles/filedetails/?id=2797271174
Rizryn's Family Tree Mod,3734644035,rizryn.familytree,1,0,0,Gameplay tweaks,https://steamcommunity.com/sharedfiles/filedetails/?id=3734644035
Romascita Style pack,3277109336,resurrectionem.romascita,0,0,1,"Apparel, styles & cosmetics",https://steamcommunity.com/sharedfiles/filedetails/?id=3277109336
Romina Ready - Progression Storytellers,3736785369,ferny.RominaReady,1,0,0,"Research, storytellers & progression",https://steamcommunity.com/sharedfiles/filedetails/?id=3736785369
Roo's Birthmarks and Blemishes,2890180936,Rooboid.BirthmarksandBlemishes,0,0,1,"Apparel, styles & cosmetics",https://steamcommunity.com/sharedfiles/filedetails/?id=2890180936
Roo's Faun Xenotype,3547220635,v.rooboid.faun,0,1,0,"Genes, xenotypes & races",https://steamcommunity.com/sharedfiles/filedetails/?id=3547220635
Roo's HD Dreadlock Hairstyles,2902544033,rooboid.dreadlockhairshd,0,0,1,"Hair, bodies & animations",https://steamcommunity.com/sharedfiles/filedetails/?id=2902544033
Roo's HD Hairstyles,2551783208,rooboid.hdhair,0,0,1,"Hair, bodies & animations",https://steamcommunity.com/sharedfiles/filedetails/?id=2551783208
Roo's HD Royalty Hairstyles,2860821574,rooboid.royalhairhd,0,0,1,"Hair, bodies & animations",https://steamcommunity.com/sharedfiles/filedetails/?id=2860821574
Roo's Minotaur - Fur Leg Patch,3759286934,danzinagri.femalebodyvariantslegspatch,0,1,0,Patches & compatibility,https://steamcommunity.com/sharedfiles/filedetails/?id=3759286934
Roo's Minotaur Xenotype (1.6),3548423129,tug.Minotaur,0,1,0,"Genes, xenotypes & races",https://steamcommunity.com/sharedfiles/filedetails/?id=3548423129
Roo's Minotaur Xenotype Expanded (1.6),3550835154,tug.Minotaur.Expanded,0,1,0,"Genes, xenotypes & races",https://steamcommunity.com/sharedfiles/filedetails/?id=3550835154
Roo's Painting Expansion,2881104358,rooboid.paintings.ex,0,1,0,Content & overhauls,https://steamcommunity.com/sharedfiles/filedetails/?id=2881104358
Roo's Satyr and Faun Xenotypes Expanded (1.6),3548973881,tug.satyrfaun.expanded,0,1,0,"Genes, xenotypes & races",https://steamcommunity.com/sharedfiles/filedetails/?id=3548973881
Roo's Satyr Xenotype (1.6),3548322381,tug.satyr,0,1,0,"Genes, xenotypes & races",https://steamcommunity.com/sharedfiles/filedetails/?id=3548322381
Room Quality Colors,3407965871,crtdgd.RoomQualityColors,1,0,0,Gameplay tweaks,https://steamcommunity.com/sharedfiles/filedetails/?id=3407965871
RowMart Stylepack,3503142907,resurrectionem.rowmart,0,0,1,"Apparel, styles & cosmetics",https://steamcommunity.com/sharedfiles/filedetails/?id=3503142907
Royal Thrumbos (Continued),2846919540,mlie.royalthrumbos,0,1,0,Animals,https://steamcommunity.com/sharedfiles/filedetails/?id=2846919540
Royalty eye bionic,3244422098,sov.detvisorroyalty,0,1,0,"Genes, xenotypes & races",https://steamcommunity.com/sharedfiles/filedetails/?id=3244422098
RPG Dialog,3547971440,esvn.rpgdialog,1,0,0,Gameplay tweaks,https://steamcommunity.com/sharedfiles/filedetails/?id=3547971440
RR's Furniture pack-Collection Longyun,3364971921,Resurrectionem.FurnitureAsia,0,0,1,"Furniture, decor & props",https://steamcommunity.com/sharedfiles/filedetails/?id=3364971921
RR's Furniture pack-Collection Rapture,3310690878,resurrectionem.furniture,0,0,1,"Furniture, decor & props",https://steamcommunity.com/sharedfiles/filedetails/?id=3310690878
RT Fuse,728314182,ratys.rtfuse,1,0,0,Gameplay tweaks,https://steamcommunity.com/sharedfiles/filedetails/?id=728314182
Run and Hide (Continued),2022480344,mlie.runandhide,1,0,0,Gameplay tweaks,https://steamcommunity.com/sharedfiles/filedetails/?id=2022480344
RunAndGun - Continued,3562365100,memegoddess.runandgun,1,0,0,"Combat, weapons & raids",https://steamcommunity.com/sharedfiles/filedetails/?id=3562365100
Rusty's Foliage Hair,3646973576,Rustys.Foliage.Hairs,0,0,1,"Hair, bodies & animations",https://steamcommunity.com/sharedfiles/filedetails/?id=3646973576
Rusty's Hair,3636356090,rustys.custom.hairs,0,0,1,"Hair, bodies & animations",https://steamcommunity.com/sharedfiles/filedetails/?id=3636356090
Ruthless Faction Pursuit,3621784437,matathias.ruthlessmechanoids,1,0,0,"World, biomes, factions & travel",https://steamcommunity.com/sharedfiles/filedetails/?id=3621784437
Safe Drug Policy Generator,2582640021,seohyeon.bestdrugpolicy,1,0,0,"Building, production & storage",https://steamcommunity.com/sharedfiles/filedetails/?id=2582640021
Safely Hidden Away (Continued),3546378186,mlie.safelyhiddenaway,1,0,0,Gameplay tweaks,https://steamcommunity.com/sharedfiles/filedetails/?id=3546378186
Save and Load Ideoligion Hair,2820645169,Guy258.SaveAndLoadIdeoHair,1,0,0,"Hair, bodies & animations",https://steamcommunity.com/sharedfiles/filedetails/?id=2820645169
Save Storyteller Settings,3744418945,vc.savestorytellersettings,1,0,0,"Research, storytellers & progression",https://steamcommunity.com/sharedfiles/filedetails/?id=3744418945
Save Thing As Image,2930015327,mlie.savethingasimage,1,0,0,Gameplay tweaks,https://steamcommunity.com/sharedfiles/filedetails/?id=2930015327
Say That Again,2776179693,saythatagain.1trickpwnyta,1,0,0,"Apparel, styles & cosmetics",https://steamcommunity.com/sharedfiles/filedetails/?id=2776179693
Scanning Thoughts,2899212140,leto.scanningthoughts,1,0,0,Gameplay tweaks,https://steamcommunity.com/sharedfiles/filedetails/?id=2899212140
Scattered Stones 1.6,3528503211,owlchemist.scatteredstones,1,0,0,Gameplay tweaks,https://steamcommunity.com/sharedfiles/filedetails/?id=3528503211
Scenario Backstory,3637859256,blackfranky.rsb,1,0,0,"World, biomes, factions & travel",https://steamcommunity.com/sharedfiles/filedetails/?id=3637859256
Scenario Editor UI Overhaul,3547456746,dev.soeur.ScenarioEditorUIOverhaul,1,0,0,UI & information,https://steamcommunity.com/sharedfiles/filedetails/?id=3547456746
Scenario Searchbars [1.6],3579415129,nimrag.scenariosearchbar,1,0,0,UI & information,https://steamcommunity.com/sharedfiles/filedetails/?id=3579415129
Scenarios Menu Search,3788512568,sk.scenariosearch,1,0,0,UI & information,https://steamcommunity.com/sharedfiles/filedetails/?id=3788512568
Schedule Everything!,3486341728,mazo.schedules,1,0,0,Gameplay tweaks,https://steamcommunity.com/sharedfiles/filedetails/?id=3486341728
Scrambler Mechanoid,2983719211,pal5k.scramblermechanoid,0,1,0,"Vehicles, gravships & mechs",https://steamcommunity.com/sharedfiles/filedetails/?id=2983719211
Scrollable Inspect Panes,2889151469,kathanon.scrollableinspectpanes,1,0,0,UI & information,https://steamcommunity.com/sharedfiles/filedetails/?id=2889151469
ScrubDaddy's Hairstyles,3536769145,scrubdaddy.hairstyles,0,0,1,"Hair, bodies & animations",https://steamcommunity.com/sharedfiles/filedetails/?id=3536769145
Security Clearance,3634353108,7f.securityclearance,0,1,0,Gameplay tweaks,https://steamcommunity.com/sharedfiles/filedetails/?id=3634353108
Security: Re-Examined,3453919173,Smxrez.securityreexamined,0,1,0,Gameplay tweaks,https://steamcommunity.com/sharedfiles/filedetails/?id=3453919173
Select Attached Mechanoid,3754845284,hakan.selectattachedmechanoid,1,0,0,"Vehicles, gravships & mechs",https://steamcommunity.com/sharedfiles/filedetails/?id=3754845284
Selective Bioregeneration,3217675412,sambucher.selectivebioregeneration,1,0,0,"Genes, xenotypes & races",https://steamcommunity.com/sharedfiles/filedetails/?id=3217675412
SelectPawnByBed,3249707052,KunogiD.SelectPawnByBed,1,0,0,Gameplay tweaks,https://steamcommunity.com/sharedfiles/filedetails/?id=3249707052
Semi Random Research:P-Fork Continued,3778002533,cruesoe.semirandompfork.continued,1,0,0,UI & information,https://steamcommunity.com/sharedfiles/filedetails/?id=3778002533
Sensible Bed Ownership,3328702448,sensiblebedownership.1trickpwnyta,1,0,0,Gameplay tweaks,https://steamcommunity.com/sharedfiles/filedetails/?id=3328702448
Sensible Factions (Faction distributor),3531306011,boots.sensiblefactions,1,0,0,"World, biomes, factions & travel",https://steamcommunity.com/sharedfiles/filedetails/?id=3531306011
Set Owner for Prisoner Beds,2053931388,automatic.prisonerbedsetowner,1,0,0,Ideology & social,https://steamcommunity.com/sharedfiles/filedetails/?id=2053931388
Settlement Descriptions,2240524945,dninemfive.settlementdescription,1,0,0,"World, biomes, factions & travel",https://steamcommunity.com/sharedfiles/filedetails/?id=2240524945
Sexier Visage Masks,3638159640,gerrymon.sexymasks,0,0,1,"Apparel, styles & cosmetics",https://steamcommunity.com/sharedfiles/filedetails/?id=3638159640
Share Settings,3558813478,sk.sharesettings,1,0,0,Gameplay tweaks,https://steamcommunity.com/sharedfiles/filedetails/?id=3558813478
Shift Change,3783456242,MrBeverage.ShiftChange,1,0,0,Quality of life,https://steamcommunity.com/sharedfiles/filedetails/?id=3783456242
Shoo! (Continued),3550216763,mlie.shoo,1,0,0,Gameplay tweaks,https://steamcommunity.com/sharedfiles/filedetails/?id=3550216763
Show Buildable Material Count,3245101540,bp.showbuildablematerialcount,1,0,0,UI & information,https://steamcommunity.com/sharedfiles/filedetails/?id=3245101540
Show Days to Rot in Info Window,3008486548,ocarina.daystorotininfowindow,1,0,0,UI & information,https://steamcommunity.com/sharedfiles/filedetails/?id=3008486548
Show Detailed Dates,3346332305,mlie.showdetaileddates,1,0,0,UI & information,https://steamcommunity.com/sharedfiles/filedetails/?id=3346332305
Show Known Techprints,2920370783,spacemoth.showknowntechprints,1,0,0,UI & information,https://steamcommunity.com/sharedfiles/filedetails/?id=2920370783
Show Me Your Tools - Forked,3774821567,meathax.ShowMeYourTools,0,0,1,UI & information,https://steamcommunity.com/sharedfiles/filedetails/?id=3774821567
Show Mod Updates,3218690663,mlie.showmodupdates,1,0,0,UI & information,https://steamcommunity.com/sharedfiles/filedetails/?id=3218690663
Show Possible Materials,3338920230,mlie.showpossiblematerials,1,0,0,UI & information,https://steamcommunity.com/sharedfiles/filedetails/?id=3338920230
Show Weapon Tallies,2901520677,kathanon.showweapontallies,1,0,0,UI & information,https://steamcommunity.com/sharedfiles/filedetails/?id=2901520677
Show work site faction relations,3487185451,riebi.showfactionrelations,1,0,0,UI & information,https://steamcommunity.com/sharedfiles/filedetails/?id=3487185451
Shuttle Dock,3648642429,Salvador143.ShuttleDock,0,1,0,"Vehicles, gravships & mechs",https://steamcommunity.com/sharedfiles/filedetails/?id=3648642429
Signs and Comments Fixed,3656641385,Mumei.Signs,0,0,1,"Furniture, decor & props",https://steamcommunity.com/sharedfiles/filedetails/?id=3656641385
Simple Additions: Mech Clusters,3530804388,smxrez.mechclusterexpanded,0,1,0,"Vehicles, gravships & mechs",https://steamcommunity.com/sharedfiles/filedetails/?id=3530804388
Simple Additions: Starfire Boss,3656792230,Smxrez.SAStarfireboss,0,1,0,Gameplay tweaks,https://steamcommunity.com/sharedfiles/filedetails/?id=3656792230
Simple Cape and Hood Retexture,3543386604,stokes.simplehoodcape,1,0,0,Textures & retextures,https://steamcommunity.com/sharedfiles/filedetails/?id=3543386604
Simple FX: Smoke Continued,3261314247,owlchemist.simplefx.smoke2,0,0,1,"Apparel, styles & cosmetics",https://steamcommunity.com/sharedfiles/filedetails/?id=3261314247
Simple HD Bodies,3236876098,redmattis.simplehdbodies,1,0,0,Textures & retextures,https://steamcommunity.com/sharedfiles/filedetails/?id=3236876098
Simple Immersion - Alpha Random,3666245772,Nishe.SIAlphaRandom,0,1,0,Content & overhauls,https://steamcommunity.com/sharedfiles/filedetails/?id=3666245772
Simple Immersion - VBE Coffees and Teas,3681298244,Nishe.SICoffeesandTeas,0,1,0,Content & overhauls,https://steamcommunity.com/sharedfiles/filedetails/?id=3681298244
Simple Leadership,3668307448,pb3n.SimpleLeadership,1,0,0,Gameplay tweaks,https://steamcommunity.com/sharedfiles/filedetails/?id=3668307448
Simple Warrants,2676828755,pb3n.simplewarrants,0,1,0,Gameplay tweaks,https://steamcommunity.com/sharedfiles/filedetails/?id=2676828755
SimpleCameraSetting,3232415388,ray1203.simplecamerasetting,1,0,0,UI & information,https://steamcommunity.com/sharedfiles/filedetails/?id=3232415388
SimpleStairs (Fork),3526906079,rw.mod.simplestairs,0,0,1,"Apparel, styles & cosmetics",https://steamcommunity.com/sharedfiles/filedetails/?id=3526906079
Sin's Softer Hair Colors,3790361865,sinner.softerhaircolors,0,0,1,"Hair, bodies & animations",https://steamcommunity.com/sharedfiles/filedetails/?id=3790361865
Sit! - Simple Pet Stay,3787205154,neachi.simplepetstay,1,0,0,Animals,https://steamcommunity.com/sharedfiles/filedetails/?id=3787205154
Skilled Slaughtering,2873284405,mrhydralisk.skilledslaughtering,1,0,0,Gameplay tweaks,https://steamcommunity.com/sharedfiles/filedetails/?id=2873284405
Skipdoor Menu,3678214467,gabrieel1482.skipdoorMenu,1,0,0,UI & information,https://steamcommunity.com/sharedfiles/filedetails/?id=3678214467
Skipdoor Pathing (Unlimited),3605522450,dcszar.skipdoorpathing,1,0,0,"Building, production & storage",https://steamcommunity.com/sharedfiles/filedetails/?id=3605522450
Skull Throne,3386810576,speedentron.skullthrone,0,1,0,"Furniture, decor & props",https://steamcommunity.com/sharedfiles/filedetails/?id=3386810576
Skunks - Continued,3798549519,,0,1,0,Animals,https://steamcommunity.com/sharedfiles/filedetails/?id=3798549519
Slaughtering Meme,3151598704,slaughteringmeme.rince,0,1,0,Ideology & social,https://steamcommunity.com/sharedfiles/filedetails/?id=3151598704
Slave Rebellions Improved (Continued),3259932217,mlie.slaverebellionsimproved,1,0,0,Ideology & social,https://steamcommunity.com/sharedfiles/filedetails/?id=3259932217
Sleek Research Tab,3752835712,squishyjellyfish.SleekResearchTab,1,0,0,UI & information,https://steamcommunity.com/sharedfiles/filedetails/?id=3752835712
Sleek Work Priorities,3764537806,squishyjellyfish.SleekWorkPriorities,1,0,0,UI & information,https://steamcommunity.com/sharedfiles/filedetails/?id=3764537806
Sleek Work Schedule Tab,3742689571,squishyjellyfish.NiceScheduleTab,1,0,0,UI & information,https://steamcommunity.com/sharedfiles/filedetails/?id=3742689571
Small Vehicle Add-ons,3420948947,inoshishi3.smallvehicleaddons,1,0,0,"Vehicles, gravships & mechs",https://steamcommunity.com/sharedfiles/filedetails/?id=3420948947
"Smaller radius for Anima Trees, Shrines and Animus Stones",2812513517,longman.smallerradiusforanimatreesandshrines,1,0,0,Gameplay tweaks,https://steamcommunity.com/sharedfiles/filedetails/?id=2812513517
Smart Meditation,2800676538,puremj.mjrimmods.smartmeditation,1,0,0,Gameplay tweaks,https://steamcommunity.com/sharedfiles/filedetails/?id=2800676538
Smart Speed,1504723424,sarg.smartspeed,1,0,0,Performance & tools,https://steamcommunity.com/sharedfiles/filedetails/?id=1504723424
Smart Turret Covering,2636621800,denev.smartturretcovering,1,0,0,"Combat, weapons & raids",https://steamcommunity.com/sharedfiles/filedetails/?id=2636621800
Smarter Construction,2202185773,dhultgren.smarterconstruction,1,0,0,"Building, production & storage",https://steamcommunity.com/sharedfiles/filedetails/?id=2202185773
Smarter Visitors,3012491521,mlie.smartervisitors,1,0,0,Gameplay tweaks,https://steamcommunity.com/sharedfiles/filedetails/?id=3012491521
"Smooth Walls First, then Smooth Floor",2349483795,fozzy422.smoothwallsfirst,1,0,0,"Building, production & storage",https://steamcommunity.com/sharedfiles/filedetails/?id=2349483795
Snap Out!,1319782555,weilbyte.snapout,1,0,0,Quality of life,https://steamcommunity.com/sharedfiles/filedetails/?id=1319782555
Snow Crawler (Continued),3558174046,zal.snowcrawler,0,1,0,"Vehicles, gravships & mechs",https://steamcommunity.com/sharedfiles/filedetails/?id=3558174046
Social Experience from Trade,3400608063,krelinos.socialexpfromtrade,1,0,0,Ideology & social,https://steamcommunity.com/sharedfiles/filedetails/?id=3400608063
Soil Contrast,1561838700,wemd.soilcontrast,1,0,0,Gameplay tweaks,https://steamcommunity.com/sharedfiles/filedetails/?id=1561838700
Sourcing Only in Dev Mode,3724631442,ferny.SourcingOnlyinDevMode,1,0,0,Performance & tools,https://steamcommunity.com/sharedfiles/filedetails/?id=3724631442
Spacer Arsenal,3247891820,det.spacerarsenal,0,1,0,"Combat, weapons & raids",https://steamcommunity.com/sharedfiles/filedetails/?id=3247891820
Spawn Mod Content,2922590693,mlie.spawnmodcontent,1,0,0,Gameplay tweaks,https://steamcommunity.com/sharedfiles/filedetails/?id=2922590693
Spectacular Skullspike,2963460063,btwthisislegit.oneofmy.worstmods,1,0,0,Gameplay tweaks,https://steamcommunity.com/sharedfiles/filedetails/?id=2963460063
SpineLib,3778463813,CoolNether123.Spine,1,0,0,Frameworks & libraries,https://steamcommunity.com/sharedfiles/filedetails/?id=3778463813
SquadKit,3757704214,brrainz.squadkit,1,0,0,"Combat, weapons & raids",https://steamcommunity.com/sharedfiles/filedetails/?id=3757704214
Standing Cryptopods,2765538832,FluffyTowels.StandingCryptosleepCasket,0,1,0,Gameplay tweaks,https://steamcommunity.com/sharedfiles/filedetails/?id=2765538832
StarFix - Continued,3798550797,,1,0,0,Gameplay tweaks,https://steamcommunity.com/sharedfiles/filedetails/?id=3798550797
Stationhouse Supplies,3432907335,shp.rus,0,0,1,"Apparel, styles & cosmetics",https://steamcommunity.com/sharedfiles/filedetails/?id=3432907335
Statue of Animal (Continued),3407427159,zal.statueofanimal,0,1,0,"Furniture, decor & props",https://steamcommunity.com/sharedfiles/filedetails/?id=3407427159
Steve's Doors,3141057381,scurvyez.stevesdoors,0,1,0,"Building, production & storage",https://steamcommunity.com/sharedfiles/filedetails/?id=3141057381
Steve's Walls,2616538981,Scurvyez.StevesWalls,0,1,0,"Building, production & storage",https://steamcommunity.com/sharedfiles/filedetails/?id=2616538981
Stockpile It!,3782632915,sk.stockpileit,1,0,0,"Building, production & storage",https://steamcommunity.com/sharedfiles/filedetails/?id=3782632915
Stockpile Ranking - Continued,3549739420,memegoddess.stockpileranking,1,0,0,"Building, production & storage",https://steamcommunity.com/sharedfiles/filedetails/?id=3549739420
StockpileGroups,3780470964,IgorA.StockpileGroups,1,0,0,"Building, production & storage",https://steamcommunity.com/sharedfiles/filedetails/?id=3780470964
Stoneborn - Delights,3106413957,det.sbdelights,0,1,0,Gameplay tweaks,https://steamcommunity.com/sharedfiles/filedetails/?id=3106413957
Stoneborn - Dwarven Style Pack,3172496453,det.dwarvenstyle,0,0,1,"Apparel, styles & cosmetics",https://steamcommunity.com/sharedfiles/filedetails/?id=3172496453
"Stop, Drop, And Roll! [BAL]",2362707956,balistafreak.stopdropandroll,1,0,0,Quality of life,https://steamcommunity.com/sharedfiles/filedetails/?id=2362707956
Storage Stats in Description,3740185419,ferny.StorageStatsinDescription,1,0,0,"Building, production & storage",https://steamcommunity.com/sharedfiles/filedetails/?id=3740185419
Stranger In Black Techlevel,3428237149,zal.sibtl,1,0,0,Gameplay tweaks,https://steamcommunity.com/sharedfiles/filedetails/?id=3428237149
Structure Replacement Patches,3736074335,lucius.replacewallpatches,1,0,0,Patches & compatibility,https://steamcommunity.com/sharedfiles/filedetails/?id=3736074335
Stuff on Tables Forked,3289533061,moistestwhale.stuffontablesforked,1,0,0,UI & information,https://steamcommunity.com/sharedfiles/filedetails/?id=3289533061
Style Merging,3673644556,ferny.StyleMerging,1,0,0,Gameplay tweaks,https://steamcommunity.com/sharedfiles/filedetails/?id=3673644556
Style Revised - Animalist,2588631651,stylerevised.animalist,1,0,0,Animals,https://steamcommunity.com/sharedfiles/filedetails/?id=2588631651
Style Tooltip Columns,3748051379,dorbo.styletooltipcolumns,1,0,0,UI & information,https://steamcommunity.com/sharedfiles/filedetails/?id=3748051379
Stylized Slave Collars and Headgears,3040600773,gerrymon.stylizedslavecollar,0,0,1,Ideology & social,https://steamcommunity.com/sharedfiles/filedetails/?id=3040600773
Sun & Moon Beams - 动态光束,3616506033,yuexiatingsong.auroralights,0,0,1,"Apparel, styles & cosmetics",https://steamcommunity.com/sharedfiles/filedetails/?id=3616506033
Surgery Improved,3233032071,darkshadow44.surgeryimproved,1,0,0,"Medical, needs & hygiene",https://steamcommunity.com/sharedfiles/filedetails/?id=3233032071
Surrogate Mechanoid,3246748490,sov.det.surrogatemech,0,1,0,"Vehicles, gravships & mechs",https://steamcommunity.com/sharedfiles/filedetails/?id=3246748490
Switch Worker,2903805493,kathanon.switchworker,1,0,0,"Building, production & storage",https://steamcommunity.com/sharedfiles/filedetails/?id=2903805493
T's Conversion Staff,2890481507,trickity.conversion.staff,0,1,0,Ideology & social,https://steamcommunity.com/sharedfiles/filedetails/?id=2890481507
T's Samurai Faction,2559958496,trickity.samurai.faction,0,1,0,"World, biomes, factions & travel",https://steamcommunity.com/sharedfiles/filedetails/?id=2559958496
T's Seal the Spirits : Tribal Anomaly,3228158975,trickity.seal.spirits,1,0,0,Gameplay tweaks,https://steamcommunity.com/sharedfiles/filedetails/?id=3228158975
Tabula Rasa,1660622094,neronix17.toolbox,1,0,0,Content & overhauls,https://steamcommunity.com/sharedfiles/filedetails/?id=1660622094
Tacticool Ops,3560450391,matte.rimstuff.tacticoolops,0,0,1,"Apparel, styles & cosmetics",https://steamcommunity.com/sharedfiles/filedetails/?id=3560450391
Take Drugs Together,3651575369,siacatty.takedrugstogether,1,0,0,Gameplay tweaks,https://steamcommunity.com/sharedfiles/filedetails/?id=3651575369
TakeCover,3749200746,rabiosus.TakeCover,1,0,0,Gameplay tweaks,https://steamcommunity.com/sharedfiles/filedetails/?id=3749200746
Taste of Vanilla - Flaks and Plates,3526444119,icc.eov.flak,1,0,0,Gameplay tweaks,https://steamcommunity.com/sharedfiles/filedetails/?id=3526444119
Tastier Vanilla Clothes,2808554143,al9000.tvc,1,0,0,"Apparel, styles & cosmetics",https://steamcommunity.com/sharedfiles/filedetails/?id=2808554143
Tattoo Face Scars,3792233113,luxsolace.tattoofacescars,0,0,1,"Apparel, styles & cosmetics",https://steamcommunity.com/sharedfiles/filedetails/?id=3792233113
TD Enhancement Pack - Continued,3525414162,memegoddess.tdpack,1,0,0,Quality of life,https://steamcommunity.com/sharedfiles/filedetails/?id=3525414162
TD Find Lib - Continued,3529443295,memegoddess.tdfindlib,1,0,0,Frameworks & libraries,https://steamcommunity.com/sharedfiles/filedetails/?id=3529443295
TDS Bug Fixes - Continued,3529433984,memegoddess.tdsbugfixes,1,0,0,Gameplay tweaks,https://steamcommunity.com/sharedfiles/filedetails/?id=3529433984
Tech Tattoos,2789726696,shenanigans.techtattoos,0,0,1,"Apparel, styles & cosmetics",https://steamcommunity.com/sharedfiles/filedetails/?id=2789726696
Technical map Vehicles,3438366909,mo.technicalmapvehicles,0,1,0,"Vehicles, gravships & mechs",https://steamcommunity.com/sharedfiles/filedetails/?id=3438366909
Technology Helps Children Learn Fast,3143523052,childrenlearning.technology,1,0,0,Ideology & social,https://steamcommunity.com/sharedfiles/filedetails/?id=3143523052
Temperature Gauge (Continued),2017464494,mlie.temperaturegauge,0,1,0,Gameplay tweaks,https://steamcommunity.com/sharedfiles/filedetails/?id=2017464494
Temporary Patches,3424105991,ferny.temporarypatches,1,0,0,Patches & compatibility,https://steamcommunity.com/sharedfiles/filedetails/?id=3424105991
Teto Hair Mod,3291665183,sc.tetomod,0,0,1,"Hair, bodies & animations",https://steamcommunity.com/sharedfiles/filedetails/?id=3291665183
Text Tool,3773691016,ferny.TextTool,1,0,0,Gameplay tweaks,https://steamcommunity.com/sharedfiles/filedetails/?id=3773691016
The Sims Traits,3604588393,goji.thesimstraits,0,1,0,Ideology & social,https://steamcommunity.com/sharedfiles/filedetails/?id=3604588393
The Vanity Project - Beards,3143138787,thevanityproject.beards,0,0,1,"Hair, bodies & animations",https://steamcommunity.com/sharedfiles/filedetails/?id=3143138787
Theming for Progression Modpack,3493025708,ferny.themingformodpack,1,0,0,"Research, storytellers & progression",https://steamcommunity.com/sharedfiles/filedetails/?id=3493025708
Thick Roof Miner Temp,3672142760,CC.Rimworld.ThickRoofMinerTemp,1,0,0,Gameplay tweaks,https://steamcommunity.com/sharedfiles/filedetails/?id=3672142760
Thunderstorm,3278460897,neko.thunderstorm,1,0,0,Gameplay tweaks,https://steamcommunity.com/sharedfiles/filedetails/?id=3278460897
Tile Filter,3745223377,lucius.tilefilters,1,0,0,Gameplay tweaks,https://steamcommunity.com/sharedfiles/filedetails/?id=3745223377
Time As a Slave,3310058867,llunak.timeasslave,1,0,0,Ideology & social,https://steamcommunity.com/sharedfiles/filedetails/?id=3310058867
Titles For Me,3374370341,zal.titlesforme,1,0,0,Gameplay tweaks,https://steamcommunity.com/sharedfiles/filedetails/?id=3374370341
To-do List,3655920479,Yokai.ToDoList,1,0,0,UI & information,https://steamcommunity.com/sharedfiles/filedetails/?id=3655920479
Toddlers,2903359152,cyanobot.toddlers,1,0,0,Ideology & social,https://steamcommunity.com/sharedfiles/filedetails/?id=2903359152
Toggle Harvest,1499848654,jaxe.toggleharvest,1,0,0,Quality of life,https://steamcommunity.com/sharedfiles/filedetails/?id=1499848654
Toggleable Overlays Continued,3261316725,owlchemist.toggleableoverlays,1,0,0,UI & information,https://steamcommunity.com/sharedfiles/filedetails/?id=3261316725
Too Many Areas (Continued),3280480860,mlie.toomanyareas,1,0,0,Gameplay tweaks,https://steamcommunity.com/sharedfiles/filedetails/?id=3280480860
Too Many Mods - Compats and Rebalances,3250762483,wara.toomanymods,1,0,0,Gameplay tweaks,https://steamcommunity.com/sharedfiles/filedetails/?id=3250762483
Tooltipped Long Names,2303452428,reiquard.tooltippedlongnames,1,0,0,UI & information,https://steamcommunity.com/sharedfiles/filedetails/?id=2303452428
Tooltips in Dev-mode,3470245875,mlie.tooltipsindevmode,1,0,0,Performance & tools,https://steamcommunity.com/sharedfiles/filedetails/?id=3470245875
Toymaker's Additional Outposts Retextured,3020739638,toymaker.voe.ao.retextured,0,1,0,Textures & retextures,https://steamcommunity.com/sharedfiles/filedetails/?id=3020739638
Tradable Meals,1506931205,meow.tradablemeals,1,0,0,Gameplay tweaks,https://steamcommunity.com/sharedfiles/filedetails/?id=1506931205
Trade Ships Drop Spot,1969732297,smashphil.dropspot,1,0,0,"World, biomes, factions & travel",https://steamcommunity.com/sharedfiles/filedetails/?id=1969732297
Trade UI Revised,2683622537,hobtook.tradeui,1,0,0,UI & information,https://steamcommunity.com/sharedfiles/filedetails/?id=2683622537
Trader ships,2046222331,automatic.traderships,1,0,0,"World, biomes, factions & travel",https://steamcommunity.com/sharedfiles/filedetails/?id=2046222331
Trader Ships Retexture,3546078602,MrKociak.TraderShipsRetexture,1,0,0,Textures & retextures,https://steamcommunity.com/sharedfiles/filedetails/?id=3546078602
Trader Show Xenotype,3007612546,nachotoast.tradershowxenotype,1,0,0,UI & information,https://steamcommunity.com/sharedfiles/filedetails/?id=3007612546
Trader Will Buy Search,3757435365,sk.tradebuysearch,1,0,0,UI & information,https://steamcommunity.com/sharedfiles/filedetails/?id=3757435365
Trading Expanded Console Retexture,3264088247,happycam.tradingconsoleretexture,1,0,0,Textures & retextures,https://steamcommunity.com/sharedfiles/filedetails/?id=3264088247
Trait and Backstory Icons,2873494547,superniquito.traiticons,1,0,0,UI & information,https://steamcommunity.com/sharedfiles/filedetails/?id=2873494547
Transhumanist Medical Specialist,2806248695,transhumanistmedicalspecialist.mp3,1,0,0,"Medical, needs & hygiene",https://steamcommunity.com/sharedfiles/filedetails/?id=2806248695
transparent skin genes,3031713201,tests.tsg,0,0,1,"Genes, xenotypes & races",https://steamcommunity.com/sharedfiles/filedetails/?id=3031713201
Transparent Substructure,3522762741,aelanna.transparentsubstructure,0,1,0,Gameplay tweaks,https://steamcommunity.com/sharedfiles/filedetails/?id=3522762741
Trap Grid Placement,3714090272,TSA.TrapGridPlacement,1,0,0,"Building, production & storage",https://steamcommunity.com/sharedfiles/filedetails/?id=3714090272
Trauma and Integrity,3760716715,ferny.TraumaAndIntegrity,1,0,0,Gameplay tweaks,https://steamcommunity.com/sharedfiles/filedetails/?id=3760716715
Trauma Team Missions,3757554739,EdelweissPirate.traumateammissions,0,1,0,Gameplay tweaks,https://steamcommunity.com/sharedfiles/filedetails/?id=3757554739
Tribal Backstories,2879649038,shenanigans.tribalbackstories1.4,0,1,0,Ideology & social,https://steamcommunity.com/sharedfiles/filedetails/?id=2879649038
Tribal Tattoos,2782262247,shenanigans.tribaltattoos,0,0,1,"Apparel, styles & cosmetics",https://steamcommunity.com/sharedfiles/filedetails/?id=2782262247
Triumphant Research,3647618250,ferny.triumphantresearch,1,0,0,UI & information,https://steamcommunity.com/sharedfiles/filedetails/?id=3647618250
True Non-Senescence,3547377353,lunardawn.truenonsenescence,1,0,0,Gameplay tweaks,https://steamcommunity.com/sharedfiles/filedetails/?id=3547377353
True RPG Inventory,3744201621,astryl.TrueRPGInventory,1,0,0,Gameplay tweaks,https://steamcommunity.com/sharedfiles/filedetails/?id=3744201621
Trumpet Voice Gene,3616823452,trumpet.voice.gene,0,0,1,"Genes, xenotypes & races",https://steamcommunity.com/sharedfiles/filedetails/?id=3616823452
Turret exclusion area,3632559268,sunsetmoderteam.turretnoattackzone,1,0,0,"Combat, weapons & raids",https://steamcommunity.com/sharedfiles/filedetails/?id=3632559268
Turret Performance Tweaks,3621644930,jaeger972.turretperformancetweaks,1,0,0,Performance & tools,https://steamcommunity.com/sharedfiles/filedetails/?id=3621644930
Turret Vanilla Retexture and Restyle,2980467701,NomadRw.TurretVanillaRetextureRestyle,1,0,0,Textures & retextures,https://steamcommunity.com/sharedfiles/filedetails/?id=2980467701
Turrets Shoot Hunting Predators,3221646589,archie.turrettargetpatch,1,0,0,Animals,https://steamcommunity.com/sharedfiles/filedetails/?id=3221646589
TV is Educational,2921021769,mlie.tviseducational,1,0,0,Gameplay tweaks,https://steamcommunity.com/sharedfiles/filedetails/?id=2921021769
Ugh You Got Me,1542424705,marvinkosh.ughyougotme,1,0,0,Gameplay tweaks,https://steamcommunity.com/sharedfiles/filedetails/?id=1542424705
Ugly Together,2884233923,uglytogether.leeh,1,0,0,Gameplay tweaks,https://steamcommunity.com/sharedfiles/filedetails/?id=2884233923
UI Retexture,2978831421,katsudon.uiretexture,1,0,0,Textures & retextures,https://steamcommunity.com/sharedfiles/filedetails/?id=2978831421
Ultimate Storyteller [1.4-1.6],2887952810,gold.ultimatestoryteller,0,1,0,"Research, storytellers & progression",https://steamcommunity.com/sharedfiles/filedetails/?id=2887952810
Un-Limited Reborn,3295368629,nuanki.unlimitedreborn,1,0,0,Gameplay tweaks,https://steamcommunity.com/sharedfiles/filedetails/?id=3295368629
UNA English Translations,3513879867,zsbk.translations.unagi,0,1,0,Gameplay tweaks,https://steamcommunity.com/sharedfiles/filedetails/?id=3513879867
UNAGI Animal MOD ビッグポメ,3289658674,unagi.a.bigpome,0,1,0,Animals,https://steamcommunity.com/sharedfiles/filedetails/?id=3289658674
UNAGI Another Duster Coat,3253300748,UNAGI.A.D.coat,0,0,1,"Apparel, styles & cosmetics",https://steamcommunity.com/sharedfiles/filedetails/?id=3253300748
UNAGI Apparel MOD Winter clothing,3266399912,UNAGI.huyuhuku.SET,0,0,1,"Apparel, styles & cosmetics",https://steamcommunity.com/sharedfiles/filedetails/?id=3266399912
UNAGI Royalty Apparel,3352990362,UNAGI.Ap.Dress,0,0,1,"Apparel, styles & cosmetics",https://steamcommunity.com/sharedfiles/filedetails/?id=3352990362
UNAGI_Hair1,3244456989,unagi.kawaii.hair1,0,0,1,"Hair, bodies & animations",https://steamcommunity.com/sharedfiles/filedetails/?id=3244456989
UNAGI_Hair2,3248775397,unagi.short.hair2,0,0,1,"Hair, bodies & animations",https://steamcommunity.com/sharedfiles/filedetails/?id=3248775397
Underground Zzzts,3363954008,safair.undergroundzzzts,1,0,0,Gameplay tweaks,https://steamcommunity.com/sharedfiles/filedetails/?id=3363954008
Undraft After Tucking,2157495459,madarauchiha.undraftaftertucking,1,0,0,Quality of life,https://steamcommunity.com/sharedfiles/filedetails/?id=2157495459
Unique Melee Weapons,3776637622,shunter.uniquemeleeweapons,0,1,0,"Combat, weapons & raids",https://steamcommunity.com/sharedfiles/filedetails/?id=3776637622
Unlimited Preferred Names,3621628559,espio.noprefnamelimit,1,0,0,Gameplay tweaks,https://steamcommunity.com/sharedfiles/filedetails/?id=3621628559
Unsmooth Surface,3717703166,LambdaTenEleven.UnsmoothSurface,1,0,0,Gameplay tweaks,https://steamcommunity.com/sharedfiles/filedetails/?id=3717703166
Useful Marks,3506573327,andromeda.usefulmarks,1,0,0,Gameplay tweaks,https://steamcommunity.com/sharedfiles/filedetails/?id=3506573327
Useful Marks in Colony Groups,3720856279,TrueMogician.UsefulMarksInColonyGroups,1,0,0,UI & information,https://steamcommunity.com/sharedfiles/filedetails/?id=3720856279
Useful Relics,3532662581,thesepeople.usefulrelics,1,0,0,Gameplay tweaks,https://steamcommunity.com/sharedfiles/filedetails/?id=3532662581
Useless Hair (Continued),3044216509,zal.uselesshair,0,0,1,"Hair, bodies & animations",https://steamcommunity.com/sharedfiles/filedetails/?id=3044216509
User Media Props,3359330248,ferny.usermediaprops,0,0,1,"Furniture, decor & props",https://steamcommunity.com/sharedfiles/filedetails/?id=3359330248
VA-11 Hall-A Jill Hair,3237918783,Fly.Jill.Hairs,0,0,1,"Hair, bodies & animations",https://steamcommunity.com/sharedfiles/filedetails/?id=3237918783
Van's Paintings,2901656436,sirvan.vanspaintings,1,0,0,"Furniture, decor & props",https://steamcommunity.com/sharedfiles/filedetails/?id=2901656436
Van's Retexture : Hemogen Vials,3453224032,sirvan.hemogentexture,1,0,0,Textures & retextures,https://steamcommunity.com/sharedfiles/filedetails/?id=3453224032
Van's Retexture : Mechanitor,2943977908,sirvan.mechanitorretexture,1,0,0,Textures & retextures,https://steamcommunity.com/sharedfiles/filedetails/?id=2943977908
Van's Retexture : Melee Weapons,2922441211,sirvan.mwretextured,1,0,0,Textures & retextures,https://steamcommunity.com/sharedfiles/filedetails/?id=2922441211
Vanilla + Wall Vitals Monitors Retexture,3283859881,happycam.vitalsretexture,1,0,0,Textures & retextures,https://steamcommunity.com/sharedfiles/filedetails/?id=3283859881
Vanilla Animal Voice Genes,3639550391,pacca.genevoiceanimalsvanilla,0,1,0,Vanilla Expanded,https://steamcommunity.com/sharedfiles/filedetails/?id=3639550391
Vanilla Animals Expanded,2871933948,vanillaexpanded.vanillaanimalsexpanded,0,1,0,Vanilla Expanded,https://steamcommunity.com/sharedfiles/filedetails/?id=2871933948
Vanilla Animals Expanded — Endangered,2366589898,vanillaexpanded.vaeendandext,0,1,0,Vanilla Expanded,https://steamcommunity.com/sharedfiles/filedetails/?id=2366589898
Vanilla Animals Expanded — Royal Animals,2858079457,vanillaexpanded.vaeroy,0,1,0,Vanilla Expanded,https://steamcommunity.com/sharedfiles/filedetails/?id=2858079457
Vanilla Animals Expanded — Royal Animals Omega Chicken Patch,2858456535,vanillaexpanded.vaeroy.omegachickenpatch,0,1,0,Vanilla Expanded,https://steamcommunity.com/sharedfiles/filedetails/?id=2858456535
Vanilla Animals Expanded — Waste Animals,2962126499,vanillaexpanded.vaewaste,0,1,0,Vanilla Expanded,https://steamcommunity.com/sharedfiles/filedetails/?id=2962126499
Vanilla Anomaly Expanded - Insanity,3342412435,vanillaexpanded.vanomalyeinsanity,1,0,0,Vanilla Expanded,https://steamcommunity.com/sharedfiles/filedetails/?id=3342412435
Vanilla Apparel Expanded,1814987817,vanillaexpanded.vappe,0,1,0,Vanilla Expanded,https://steamcommunity.com/sharedfiles/filedetails/?id=1814987817
Vanilla Armour Expanded,1814988282,vanillaexpanded.varme,0,1,0,Vanilla Expanded,https://steamcommunity.com/sharedfiles/filedetails/?id=1814988282
Vanilla Arsenal,3273371966,det.vanillaarsenal,0,1,0,Vanilla Expanded,https://steamcommunity.com/sharedfiles/filedetails/?id=3273371966
Vanilla Backgrounds Expanded,2775017012,vanillaexpanded.backgrounds,1,0,0,Vanilla Expanded,https://steamcommunity.com/sharedfiles/filedetails/?id=2775017012
Vanilla Backstories Expanded,2861806869,vanillaexpanded.vanillabackstoriesexpanded,0,1,0,Vanilla Expanded,https://steamcommunity.com/sharedfiles/filedetails/?id=2861806869
Vanilla Base Generation Expanded,3209927822,vanillaexpanded.basegeneration,1,0,0,Vanilla Expanded,https://steamcommunity.com/sharedfiles/filedetails/?id=3209927822
Vanilla Beards Retextured,2777098392,neronix17.retexture.vanillabeards,1,0,0,"Hair, bodies & animations",https://steamcommunity.com/sharedfiles/filedetails/?id=2777098392
Vanilla Beards Retextured + Stubbly Facial Hair,3292205371,rohzdear.vanillabeardsretextured.stubblyfacialhair,0,0,1,"Hair, bodies & animations",https://steamcommunity.com/sharedfiles/filedetails/?id=3292205371
Vanilla Brewing Expanded,2186560858,vanillaexpanded.vbrewe,0,1,0,Vanilla Expanded,https://steamcommunity.com/sharedfiles/filedetails/?id=2186560858
Vanilla Brewing Expanded - Coffees and Teas,2275449762,vanillaexpanded.vbrewecandt,0,1,0,Vanilla Expanded,https://steamcommunity.com/sharedfiles/filedetails/?id=2275449762
Vanilla Chemfuel Expanded,2792917473,vanillaexpanded.vchemfuele,1,0,0,Vanilla Expanded,https://steamcommunity.com/sharedfiles/filedetails/?id=2792917473
Vanilla Cooking Expanded,2134308519,vanillaexpanded.vcooke,0,1,0,Vanilla Expanded,https://steamcommunity.com/sharedfiles/filedetails/?id=2134308519
Vanilla Cooking Expanded - Bakery,3590516685,vanillaexpanded.vcookebakery,0,1,0,Vanilla Expanded,https://steamcommunity.com/sharedfiles/filedetails/?id=3590516685
Vanilla Cooking Expanded - Haute,3455694362,vanillaexpanded.vcookehaute,0,1,0,Vanilla Expanded,https://steamcommunity.com/sharedfiles/filedetails/?id=3455694362
Vanilla Cooking Expanded - Stews,2134312965,vanillaexpanded.vcookestews,0,1,0,Vanilla Expanded,https://steamcommunity.com/sharedfiles/filedetails/?id=2134312965
Vanilla Cooking Expanded - Sushi,2158539170,vanillaexpanded.vcookesushi,0,1,0,Vanilla Expanded,https://steamcommunity.com/sharedfiles/filedetails/?id=2158539170
Vanilla Events Expanded,1938420742,vanillaexpanded.vee,0,1,0,Vanilla Expanded,https://steamcommunity.com/sharedfiles/filedetails/?id=1938420742
Vanilla Expanded Framework,2023507013,oskarpotocki.vanillafactionsexpanded.core,1,0,0,Frameworks & libraries,https://steamcommunity.com/sharedfiles/filedetails/?id=2023507013
Vanilla Expanded: Hero Backgrounds,3313700572,ferny.vanillaexpandedherobackgrounds,1,0,0,Vanilla Expanded,https://steamcommunity.com/sharedfiles/filedetails/?id=3313700572
Vanilla Factions Expanded - Classical,2787850474,oskarpotocki.vfe.classical,1,0,0,Vanilla Expanded,https://steamcommunity.com/sharedfiles/filedetails/?id=2787850474
Vanilla Factions Expanded - Classical - No Auto Research,3757952859,machado.vfeclassicalnoautoresearch,1,0,0,Vanilla Expanded,https://steamcommunity.com/sharedfiles/filedetails/?id=3757952859
Vanilla Factions Expanded - Deserters,3025493377,oskarpotocki.vfe.deserters,1,0,0,Vanilla Expanded,https://steamcommunity.com/sharedfiles/filedetails/?id=3025493377
Vanilla Factions Expanded - Empire,2938820380,oskarpotocki.vfe.empire,1,0,0,Vanilla Expanded,https://steamcommunity.com/sharedfiles/filedetails/?id=2938820380
Vanilla Factions Expanded - Insectoids 2,3309003431,oskarpotocki.vfe.insectoid2,0,1,0,Vanilla Expanded,https://steamcommunity.com/sharedfiles/filedetails/?id=3309003431
Vanilla Factions Expanded - Medieval 2,3444347874,oskarpotocki.vfe.medieval2,1,0,0,Vanilla Expanded,https://steamcommunity.com/sharedfiles/filedetails/?id=3444347874
Vanilla Factions Expanded - Pirates,2723801948,oskarpotocki.vfe.pirates,0,1,0,Vanilla Expanded,https://steamcommunity.com/sharedfiles/filedetails/?id=2723801948
Vanilla Factions Expanded - Settlers,2052918119,oskarpotocki.vanillafactionsexpanded.settlersmodule,0,1,0,Vanilla Expanded,https://steamcommunity.com/sharedfiles/filedetails/?id=2052918119
Vanilla Factions Expanded - Tribals,3079786283,oskarpotocki.vfe.tribals,1,0,0,Vanilla Expanded,https://steamcommunity.com/sharedfiles/filedetails/?id=3079786283
Vanilla Fishing Expanded,1914064942,vanillaexpanded.vcef,1,0,0,Vanilla Expanded,https://steamcommunity.com/sharedfiles/filedetails/?id=1914064942
Vanilla Fishing Expanded - Fishing Treasures AddOn,2468543398,vanillaexpanded.vcefaddon,0,1,0,Vanilla Expanded,https://steamcommunity.com/sharedfiles/filedetails/?id=2468543398
Vanilla Fix: Haul After Slaughter,2801452324,puremj.mjrimmods.vanillafixhaulafterslaughter,1,0,0,Vanilla Expanded,https://steamcommunity.com/sharedfiles/filedetails/?id=2801452324
Vanilla Food Variety Expanded,3334272487,vanillaexpanded.vanillafoodvarietyexpanded,0,1,0,Vanilla Expanded,https://steamcommunity.com/sharedfiles/filedetails/?id=3334272487
Vanilla Furniture Expanded,1718190143,vanillaexpanded.vfecore,1,0,0,Vanilla Expanded,https://steamcommunity.com/sharedfiles/filedetails/?id=1718190143
Vanilla Furniture Expanded - Architect,2608762624,vanillaexpanded.vfearchitect,1,0,0,Vanilla Expanded,https://steamcommunity.com/sharedfiles/filedetails/?id=2608762624
Vanilla Furniture Expanded - Art,1968134023,vanillaexpanded.vfeart,0,1,0,Vanilla Expanded,https://steamcommunity.com/sharedfiles/filedetails/?id=1968134023
Vanilla Furniture Expanded - Factory,3686924415,vanillaexpanded.vfefactory,1,0,0,Vanilla Expanded,https://steamcommunity.com/sharedfiles/filedetails/?id=3686924415
Vanilla Furniture Expanded - Farming,1957158779,vanillaexpanded.vfefarming,1,0,0,Vanilla Expanded,https://steamcommunity.com/sharedfiles/filedetails/?id=1957158779
Vanilla Furniture Expanded - Medical Module,1718191613,vanillaexpanded.vfemedical,0,1,0,Vanilla Expanded,https://steamcommunity.com/sharedfiles/filedetails/?id=1718191613
Vanilla Furniture Expanded - Power,2062943477,vanillaexpanded.vfepower,0,1,0,Vanilla Expanded,https://steamcommunity.com/sharedfiles/filedetails/?id=2062943477
Vanilla Furniture Expanded - Production,1880253632,vanillaexpanded.vfeproduction,0,1,0,Vanilla Expanded,https://steamcommunity.com/sharedfiles/filedetails/?id=1880253632
Vanilla Furniture Expanded - Props and Decor,2102143149,vanillaexpanded.vfepropsanddecor,1,0,0,Vanilla Expanded,https://steamcommunity.com/sharedfiles/filedetails/?id=2102143149
Vanilla Furniture Expanded - Security,1845154007,vanillaexpanded.vfesecurity,0,1,0,Vanilla Expanded,https://steamcommunity.com/sharedfiles/filedetails/?id=1845154007
Vanilla Furniture Expanded - Spacer Module,2028381079,vanillaexpanded.vfespacer,0,1,0,Vanilla Expanded,https://steamcommunity.com/sharedfiles/filedetails/?id=2028381079
Vanilla Genes Rebalanced,2905707100,redmattis.vanillagenesrebalanced,1,0,0,Vanilla Expanded,https://steamcommunity.com/sharedfiles/filedetails/?id=2905707100
Vanilla Genetics Expanded,2801160906,vanillaexpanded.vgeneticse,0,1,0,Vanilla Expanded,https://steamcommunity.com/sharedfiles/filedetails/?id=2801160906
Vanilla Genetics Expanded - More Lab Stuff,2810324444,vanillaexpanded.vgeneticsemorelabstuff,0,1,0,Vanilla Expanded,https://steamcommunity.com/sharedfiles/filedetails/?id=2810324444
Vanilla Gravship Expanded - Chapter 1,3609835606,vanillaexpanded.gravship,1,0,0,Vanilla Expanded,https://steamcommunity.com/sharedfiles/filedetails/?id=3609835606
Vanilla Hair Expanded,1888705256,vanillaexpanded.vhe,0,0,1,"Hair, bodies & animations",https://steamcommunity.com/sharedfiles/filedetails/?id=1888705256
Vanilla Hair Retextured,2748834409,neronix17.retexture.vanillahair,1,0,0,"Hair, bodies & animations",https://steamcommunity.com/sharedfiles/filedetails/?id=2748834409
Vanilla Helixien Gas Expanded,2877699803,vanillaexpanded.helixiengas,0,1,0,Vanilla Expanded,https://steamcommunity.com/sharedfiles/filedetails/?id=2877699803
Vanilla Ideology Expanded - Dryads,2720631512,vanillaexpanded.ideo.dryads,1,0,0,Vanilla Expanded,https://steamcommunity.com/sharedfiles/filedetails/?id=2720631512
Vanilla Ideology Expanded - Hats and Rags,2567387768,vanillaexpanded.viehar,0,1,0,Vanilla Expanded,https://steamcommunity.com/sharedfiles/filedetails/?id=2567387768
Vanilla Ideology Expanded - Icons and Symbols,2552609458,vanillaexpanded.ideo.iconsandsymbols,0,0,1,"Apparel, styles & cosmetics",https://steamcommunity.com/sharedfiles/filedetails/?id=2552609458
Vanilla Ideology Expanded - Memes and Structures,2636329500,vanillaexpanded.vmemese,1,0,0,Vanilla Expanded,https://steamcommunity.com/sharedfiles/filedetails/?id=2636329500
Vanilla Ideology Expanded - Relics and Artifacts,2564895018,vanillaexpanded.ideo.relicsandartifacts,0,1,0,Vanilla Expanded,https://steamcommunity.com/sharedfiles/filedetails/?id=2564895018
Vanilla Ideology Expanded - Sophian Style,3194606539,vanillaexpanded.ideo.sophianstyle,0,0,1,"Apparel, styles & cosmetics",https://steamcommunity.com/sharedfiles/filedetails/?id=3194606539
Vanilla Landmarks Expanded,3656316229,vanillaexpanded.vexploratione,0,1,0,Vanilla Expanded,https://steamcommunity.com/sharedfiles/filedetails/?id=3656316229
Vanilla Mechanoid Slag Chunks Retextured,3228786091,AuntyDonna.mechanoidslagchunksretextured,1,0,0,Textures & retextures,https://steamcommunity.com/sharedfiles/filedetails/?id=3228786091
Vanilla Nutrient Paste Expanded,2920385763,vanillaexpanded.vnutriente,1,0,0,Vanilla Expanded,https://steamcommunity.com/sharedfiles/filedetails/?id=2920385763
Vanilla Outposts Expanded,2688941031,vanillaexpanded.outposts,1,0,0,Vanilla Expanded,https://steamcommunity.com/sharedfiles/filedetails/?id=2688941031
Vanilla Outposts Expanded: Additional Outposts,2873841790,mrhydralisk.voeadditionaloutposts,0,1,0,Vanilla Expanded,https://steamcommunity.com/sharedfiles/filedetails/?id=2873841790
Vanilla Outposts Expanded: Delivery Logistics,3006726393,mrhydralisk.voedeliverylogistics,0,1,0,Vanilla Expanded,https://steamcommunity.com/sharedfiles/filedetails/?id=3006726393
Vanilla Outposts Expanded: Land On Outposts,3691989082,Rockets.LandOnOutposts,1,0,0,Vanilla Expanded,https://steamcommunity.com/sharedfiles/filedetails/?id=3691989082
Vanilla Persona Weapons Expanded,2826922787,vanillaexpanded.vpersonaweaponse,1,0,0,Vanilla Expanded,https://steamcommunity.com/sharedfiles/filedetails/?id=2826922787
Vanilla Plants Expanded,2134308522,vanillaexpanded.vplantse,0,1,0,Vanilla Expanded,https://steamcommunity.com/sharedfiles/filedetails/?id=2134308522
Vanilla Plants Expanded - Flowers,3748351639,VanillaExpanded.VPEFlowers,0,1,0,Vanilla Expanded,https://steamcommunity.com/sharedfiles/filedetails/?id=3748351639
Vanilla Plants Expanded - More Plants,2748889667,vanillaexpanded.vplantsemore,0,1,0,Vanilla Expanded,https://steamcommunity.com/sharedfiles/filedetails/?id=2748889667
Vanilla Plants Expanded - Mushrooms,3006389281,vanillaexpanded.vplantsemushrooms,0,1,0,Vanilla Expanded,https://steamcommunity.com/sharedfiles/filedetails/?id=3006389281
Vanilla Plants Expanded - Succulents,2198652536,vanillaexpanded.vplantsesucculents,0,1,0,Vanilla Expanded,https://steamcommunity.com/sharedfiles/filedetails/?id=2198652536
Vanilla Prestige Specialist Armours Reworked,3246196440,prestigespecialistarmours.final,0,1,0,Vanilla Expanded,https://steamcommunity.com/sharedfiles/filedetails/?id=3246196440
Vanilla Psycasts Expanded,2842502659,vanillaexpanded.vpsycastse,1,0,0,Vanilla Expanded,https://steamcommunity.com/sharedfiles/filedetails/?id=2842502659
Vanilla Psycasts Expanded - Hemosage,2990596478,vanillaexpanded.vpe.hemosage,1,0,0,Vanilla Expanded,https://steamcommunity.com/sharedfiles/filedetails/?id=2990596478
Vanilla Psycasts Expanded - Puppeteer,3033779606,vanillaexpanded.vpe.puppeteer,0,1,0,Vanilla Expanded,https://steamcommunity.com/sharedfiles/filedetails/?id=3033779606
Vanilla Psycasts Expanded - Runesmith,3339063087,chairheir.vperunesmith,0,1,0,Vanilla Expanded,https://steamcommunity.com/sharedfiles/filedetails/?id=3339063087
Vanilla Quests Expanded - Ancients,3618306875,vanillaquestsexpanded.ancients,0,1,0,Vanilla Expanded,https://steamcommunity.com/sharedfiles/filedetails/?id=3618306875
Vanilla Quests Expanded - Cryptoforge,3461526070,vanillaquestsexpanded.cryptoforge,0,1,0,Vanilla Expanded,https://steamcommunity.com/sharedfiles/filedetails/?id=3461526070
Vanilla Quests Expanded - Deadlife,3497226454,vanillaquestsexpanded.deadlife,0,1,0,Vanilla Expanded,https://steamcommunity.com/sharedfiles/filedetails/?id=3497226454
Vanilla Quests Expanded - Drone Factory,3733951755,vanillaquestsexpanded.dronefactory,1,0,0,Vanilla Expanded,https://steamcommunity.com/sharedfiles/filedetails/?id=3733951755
Vanilla Quests Expanded - The Generator,3411401573,vanillaquestsexpanded.generator,0,1,0,Vanilla Expanded,https://steamcommunity.com/sharedfiles/filedetails/?id=3411401573
Vanilla Races Expanded - Android,2975771801,vanillaracesexpanded.android,0,1,0,Vanilla Expanded,https://steamcommunity.com/sharedfiles/filedetails/?id=2975771801
Vanilla Races Expanded - Custom Icons,2917311689,vanillaracesexpanded.customicons,0,0,1,"Apparel, styles & cosmetics",https://steamcommunity.com/sharedfiles/filedetails/?id=2917311689
Vanilla Races Expanded - Fungoid,3042690053,vanillaracesexpanded.fungoid,0,1,0,Vanilla Expanded,https://steamcommunity.com/sharedfiles/filedetails/?id=3042690053
Vanilla Races Expanded - Genie,2901424072,vanillaracesexpanded.genie,1,0,0,Vanilla Expanded,https://steamcommunity.com/sharedfiles/filedetails/?id=2901424072
Vanilla Races Expanded - Highmate,2995385834,vanillaracesexpanded.highmate,1,0,0,Vanilla Expanded,https://steamcommunity.com/sharedfiles/filedetails/?id=2995385834
Vanilla Races Expanded - Hussar,2893586390,vanillaracesexpanded.hussar,1,0,0,Vanilla Expanded,https://steamcommunity.com/sharedfiles/filedetails/?id=2893586390
Vanilla Races Expanded - Insector,3260509684,vanillaracesexpanded.insector,0,1,0,Vanilla Expanded,https://steamcommunity.com/sharedfiles/filedetails/?id=3260509684
Vanilla Races Expanded - Lycanthrope,3114453100,vanillaracesexpanded.lycanthrope,0,1,0,Vanilla Expanded,https://steamcommunity.com/sharedfiles/filedetails/?id=3114453100
Vanilla Races Expanded - Phytokin,2927323805,vanillaracesexpanded.phytokin,0,1,0,Vanilla Expanded,https://steamcommunity.com/sharedfiles/filedetails/?id=2927323805
Vanilla Races Expanded - Pigskin,3164798809,vanillaracesexpanded.pigskin,1,0,0,Vanilla Expanded,https://steamcommunity.com/sharedfiles/filedetails/?id=3164798809
Vanilla Races Expanded - Sanguophage,2963116383,vanillaracesexpanded.sanguophage,1,0,0,Vanilla Expanded,https://steamcommunity.com/sharedfiles/filedetails/?id=2963116383
Vanilla Races Expanded - Saurid,2880990495,vanillaracesexpanded.saurid,0,1,0,Vanilla Expanded,https://steamcommunity.com/sharedfiles/filedetails/?id=2880990495
Vanilla Races Expanded - Starjack,3531912428,vanillaracesexpanded.starjack,1,0,0,Vanilla Expanded,https://steamcommunity.com/sharedfiles/filedetails/?id=3531912428
Vanilla Races Expanded - Waster,2983471725,vanillaracesexpanded.waster,1,0,0,Vanilla Expanded,https://steamcommunity.com/sharedfiles/filedetails/?id=2983471725
Vanilla Recycling Expanded,3155781848,vanillaexpanded.recycling,1,0,0,Vanilla Expanded,https://steamcommunity.com/sharedfiles/filedetails/?id=3155781848
Vanilla Search Bars,3774189110,lucius.searchableideology,1,0,0,Vanilla Expanded,https://steamcommunity.com/sharedfiles/filedetails/?id=3774189110
Vanilla Skills Expanded,3400246558,vanillaexpanded.skills,1,0,0,Vanilla Expanded,https://steamcommunity.com/sharedfiles/filedetails/?id=3400246558
Vanilla Storytellers Expanded - Igor Invader (Continued),3582195822,zal.vseigorinvader,0,1,0,Vanilla Expanded,https://steamcommunity.com/sharedfiles/filedetails/?id=3582195822
Vanilla Storytellers Expanded - Oskar Obnoxious (Continued),3360164489,zal.vseoskarobnoxious,0,1,0,Vanilla Expanded,https://steamcommunity.com/sharedfiles/filedetails/?id=3360164489
Vanilla Storytellers Expanded - Perry Persistent,2149702069,vse.perrypersistent,0,1,0,Vanilla Expanded,https://steamcommunity.com/sharedfiles/filedetails/?id=2149702069
Vanilla Storytellers Expanded - Winston Waves,3215569151,vanillastorytellersexpanded.winstonwave,0,1,0,Vanilla Expanded,https://steamcommunity.com/sharedfiles/filedetails/?id=3215569151
Vanilla Temperature Expanded,3202046258,vanillaexpanded.temperature,1,0,0,Vanilla Expanded,https://steamcommunity.com/sharedfiles/filedetails/?id=3202046258
Vanilla Textures Expanded,2016436324,vanillaexpanded.vtexe,1,0,0,Textures & retextures,https://steamcommunity.com/sharedfiles/filedetails/?id=2016436324
Vanilla Textures Expanded - [NL] Facial Animation,2816938779,vanillaexpanded.vtexe.facialanims,0,0,1,"Hair, bodies & animations",https://steamcommunity.com/sharedfiles/filedetails/?id=2816938779
Vanilla Textures Expanded - Variations,2493234474,vanillaexpanded.vtexvariations,0,0,1,Vanilla Expanded,https://steamcommunity.com/sharedfiles/filedetails/?id=2493234474
Vanilla Trading Expanded,2785616901,vanillaexpanded.vanillatradingexpanded,1,0,0,Vanilla Expanded,https://steamcommunity.com/sharedfiles/filedetails/?id=2785616901
Vanilla Traits Expanded,2296404655,vanillaexpanded.vanillatraitsexpanded,0,1,0,Vanilla Expanded,https://steamcommunity.com/sharedfiles/filedetails/?id=2296404655
Vanilla Vehicles Expanded,3014906877,oskarpotocki.vanillavehiclesexpanded,1,0,0,Vanilla Expanded,https://steamcommunity.com/sharedfiles/filedetails/?id=3014906877
Vanilla Vehicles Expanded - Tier 3,3047892432,oskarpotocki.vanillavehiclesexpandedtier3,0,1,0,Vanilla Expanded,https://steamcommunity.com/sharedfiles/filedetails/?id=3047892432
Vanilla Vehicles Expanded - Upgrades,3302208420,oskarpotocki.vanillavehiclesexpandedupgrades,0,1,0,Vanilla Expanded,https://steamcommunity.com/sharedfiles/filedetails/?id=3302208420
Vanilla Weapons Expanded,1814383360,vanillaexpanded.vwe,0,1,0,Vanilla Expanded,https://steamcommunity.com/sharedfiles/filedetails/?id=1814383360
Vanilla Weapons Expanded - Bioferrite,3287469135,vanillaexpanded.vwebf,0,1,0,Vanilla Expanded,https://steamcommunity.com/sharedfiles/filedetails/?id=3287469135
Vanilla Weapons Expanded - Coilguns,2375692535,vanillaexpanded.vwec,0,1,0,Vanilla Expanded,https://steamcommunity.com/sharedfiles/filedetails/?id=2375692535
Vanilla Weapons Expanded - Frontier,2454918139,vanillaexpanded.vweft,0,1,0,Vanilla Expanded,https://steamcommunity.com/sharedfiles/filedetails/?id=2454918139
Vanilla Weapons Expanded - Heavy Weapons,2329126791,vanillaexpanded.vwehw,0,1,0,Vanilla Expanded,https://steamcommunity.com/sharedfiles/filedetails/?id=2329126791
Vanilla Weapons Expanded - Laser,1989352844,vanillaexpanded.vwel,0,1,0,Vanilla Expanded,https://steamcommunity.com/sharedfiles/filedetails/?id=1989352844
Vanilla Weapons Expanded - Makeshift,2419690698,vanillaexpanded.vwems,0,1,0,Vanilla Expanded,https://steamcommunity.com/sharedfiles/filedetails/?id=2419690698
Vanilla Weapons Expanded - Non-Lethal,2454918354,vanillaexpanded.vwenl,0,1,0,Vanilla Expanded,https://steamcommunity.com/sharedfiles/filedetails/?id=2454918354
Vanilla Weapons Expanded - Quickdraw,1906780517,vanillaexpanded.vweq,0,1,0,Vanilla Expanded,https://steamcommunity.com/sharedfiles/filedetails/?id=1906780517
Vanilla Weapons Expanded - Tribal,2454918552,vanillaexpanded.vwetb,0,1,0,Vanilla Expanded,https://steamcommunity.com/sharedfiles/filedetails/?id=2454918552
Various Space Ship Chunk (Continued),2014616487,mlie.variousspaceshipchunk,0,1,0,Gameplay tweaks,https://steamcommunity.com/sharedfiles/filedetails/?id=2014616487
VE Androids - Recluse doesn't count Androids addon,3255014027,rokk.vaeandroidsrecluseaddon,0,1,0,Vanilla Expanded,https://steamcommunity.com/sharedfiles/filedetails/?id=3255014027
VE Ideology Addon — Autogenerate Lore-friendly Icons Only,3672467556,turkler.IdeoIconCommission,1,0,0,Vanilla Expanded,https://steamcommunity.com/sharedfiles/filedetails/?id=3672467556
Vehicle Dubs Needs Fix,3324340437,spacemoth.vehicleneedsfix,1,0,0,Content & overhauls,https://steamcommunity.com/sharedfiles/filedetails/?id=3324340437
Vehicle Framework,3014915404,smashphil.vehicleframework,1,0,0,Frameworks & libraries,https://steamcommunity.com/sharedfiles/filedetails/?id=3014915404
Vehicle Framework - Local Flight Systems,3482176791,NuanKi.LocalFlight,1,0,0,Frameworks & libraries,https://steamcommunity.com/sharedfiles/filedetails/?id=3482176791
Vehicle Interior Framework,3184281714,chaotic.rvinterior,0,1,0,Frameworks & libraries,https://steamcommunity.com/sharedfiles/filedetails/?id=3184281714
Vehicle Map Framework,3426502333,oels.vehiclemapframework,1,0,0,Frameworks & libraries,https://steamcommunity.com/sharedfiles/filedetails/?id=3426502333
VFE Production/Farming - Dubs Bad Hygiene Patches (Adopted) (Deprecated),2766440237,shavius.oreno.vfe.dubsbadhygiene,0,1,0,Vanilla Expanded,https://steamcommunity.com/sharedfiles/filedetails/?id=2766440237
VFE Props and Decor Search Bar Addon,3713356452,sk.vfepdsearch,1,0,0,Vanilla Expanded,https://steamcommunity.com/sharedfiles/filedetails/?id=3713356452
VFE Spacer AddOn,2816486181,CiXwOw.VFESpacerAddOn,0,1,0,Vanilla Expanded,https://steamcommunity.com/sharedfiles/filedetails/?id=2816486181
VFE Spacer More Interactive Table Screen Colors,3009793725,archilyte.vfespacer.coloredtable.lite,0,0,1,Vanilla Expanded,https://steamcommunity.com/sharedfiles/filedetails/?id=3009793725
VFE Traits Addon - Smoker,3312677057,captaincrunch.vfetraitsaddonsmoker,0,1,0,Vanilla Expanded,https://steamcommunity.com/sharedfiles/filedetails/?id=3312677057
VFE Tribals Auto Gathering,3781460271,sk.tribalsautogathering,1,0,0,Vanilla Expanded,https://steamcommunity.com/sharedfiles/filedetails/?id=3781460271
VFE Tribals Cornerstone Search,3738362387,sk.vfetribalsearch,1,0,0,Vanilla Expanded,https://steamcommunity.com/sharedfiles/filedetails/?id=3738362387
VFE-Deserters: Remote Deadlife IED,3456687807,kim.vfed.deadlife.ied,1,0,0,Vanilla Expanded,https://steamcommunity.com/sharedfiles/filedetails/?id=3456687807
VFE-tribals: Add cornerstone points,3414709459,eragon.vfetribaldevtweaks,1,0,0,Vanilla Expanded,https://steamcommunity.com/sharedfiles/filedetails/?id=3414709459
VFME - Caravan Packs!,2255432128,VFME.CaravanPacks,1,0,0,Vanilla Expanded,https://steamcommunity.com/sharedfiles/filedetails/?id=2255432128
Victor Veto - Progression Storytellers,3745138223,ferny.VictorVeto,0,1,0,"Research, storytellers & progression",https://steamcommunity.com/sharedfiles/filedetails/?id=3745138223
Victorian decorations,2937276828,mos.victoriandecorations,0,0,1,"Furniture, decor & props",https://steamcommunity.com/sharedfiles/filedetails/?id=2937276828
Victorian Era Apparels!,2814195394,gunmar.victorianeraapparels,0,0,1,"Apparel, styles & cosmetics",https://steamcommunity.com/sharedfiles/filedetails/?id=2814195394
Visandars Rocks and Stones,3009790001,vis.rocksandstones,1,0,0,Gameplay tweaks,https://steamcommunity.com/sharedfiles/filedetails/?id=3009790001
Visit Settlements,3535955435,ninagoblin.visitsettlements,1,0,0,"World, biomes, factions & travel",https://steamcommunity.com/sharedfiles/filedetails/?id=3535955435
Visored Headgear,3070137089,tbo.visored,1,0,0,Gameplay tweaks,https://steamcommunity.com/sharedfiles/filedetails/?id=3070137089
Visual XML Patches,3570531169,mlie.visualxmlpatches,1,0,0,Patches & compatibility,https://steamcommunity.com/sharedfiles/filedetails/?id=3570531169
VOE - Progression Mining Patch,3634124647,ryan.voe.progressionminingpatch,1,0,0,Patches & compatibility,https://steamcommunity.com/sharedfiles/filedetails/?id=3634124647
Void Specialist,3751240132,SierraOnline.VoidSpecialist,0,1,0,Gameplay tweaks,https://steamcommunity.com/sharedfiles/filedetails/?id=3751240132
Volt Weaponry,3551721422,det.voltweaponry,0,1,0,"Combat, weapons & raids",https://steamcommunity.com/sharedfiles/filedetails/?id=3551721422
VPE - Aeromancer,3548321284,VPE.Aeromancer.Sentinel,0,1,0,Vanilla Expanded,https://steamcommunity.com/sharedfiles/filedetails/?id=3548321284
VPE - Aeromancer (Retexture),3724996100,morton.RetextureVPEAeromancer,0,1,0,Textures & retextures,https://steamcommunity.com/sharedfiles/filedetails/?id=3724996100
VPE - Anima,3462136587,VanillaExpanded.VPsycastsE,0,1,0,Vanilla Expanded,https://steamcommunity.com/sharedfiles/filedetails/?id=3462136587
VPE - Anima (Retexture),3745672274,morton.RetextureVPEAnima,0,1,0,Textures & retextures,https://steamcommunity.com/sharedfiles/filedetails/?id=3745672274
VPE - Deadlife,3471794187,VPE.Deadlife.Sentinel,0,1,0,Vanilla Expanded,https://steamcommunity.com/sharedfiles/filedetails/?id=3471794187
VPE - Deadlife (Retexture),3747342858,morton.RetextureVPEDeadlife,0,1,0,Textures & retextures,https://steamcommunity.com/sharedfiles/filedetails/?id=3747342858
VPE - Geomancer,3551731617,VPE.Geomancer.Sentinel,0,1,0,Vanilla Expanded,https://steamcommunity.com/sharedfiles/filedetails/?id=3551731617
VPE - Geomancer (Retexture),3735124996,morton.RetextureVPEGeomancer,0,1,0,Textures & retextures,https://steamcommunity.com/sharedfiles/filedetails/?id=3735124996
VPE - Gravcaster,3526559471,vpe.gravcaster.sentinel,0,1,0,Vanilla Expanded,https://steamcommunity.com/sharedfiles/filedetails/?id=3526559471
VPE - Gravcaster (Retexture),3736210217,morton.RetextureVPEGravcaster,0,1,0,Textures & retextures,https://steamcommunity.com/sharedfiles/filedetails/?id=3736210217
VPE - Hydromancer,3548321563,vpe.hydromancer.sentinel,0,1,0,Vanilla Expanded,https://steamcommunity.com/sharedfiles/filedetails/?id=3548321563
VPE - Hydromancer (Retexture),3724679401,morton.RetextureVPEHydromancer,0,1,0,Textures & retextures,https://steamcommunity.com/sharedfiles/filedetails/?id=3724679401
VPE - Luminis,3559834496,vpe.luminis.sentinel,0,1,0,Vanilla Expanded,https://steamcommunity.com/sharedfiles/filedetails/?id=3559834496
VPE - Luminis (Retexture),3721818780,morton.RetextureVPELuminis,0,1,0,Textures & retextures,https://steamcommunity.com/sharedfiles/filedetails/?id=3721818780
VPE - Pyromancer,3785184597,VPE.Pyromancer.Sentinel,0,1,0,Vanilla Expanded,https://steamcommunity.com/sharedfiles/filedetails/?id=3785184597
VPE - Sentinel Framework,3724841120,VPE.Framework.Sentinel,0,1,0,Frameworks & libraries,https://steamcommunity.com/sharedfiles/filedetails/?id=3724841120
VQE Generator - Pipe Network Compat,3556398957,bigbarza.vqegenerator.pipecompat,0,1,0,Vanilla Expanded,https://steamcommunity.com/sharedfiles/filedetails/?id=3556398957
VRE Lycanthrope Chest Fur as Body Attachment,3779356473,DanZinagri.LycanChestFurAttachment,0,1,0,Vanilla Expanded,https://steamcommunity.com/sharedfiles/filedetails/?id=3779356473
VRE: Android Auto Swap Reactor,3363722315,autoswap.reactor,0,1,0,Vanilla Expanded,https://steamcommunity.com/sharedfiles/filedetails/?id=3363722315
Wall Televisions,3582096423,xercaine.walltelevisions,0,1,0,"Building, production & storage",https://steamcommunity.com/sharedfiles/filedetails/?id=3582096423
Wall Vitals Monitor (Continued),3283745385,zal.wallvitalsmonitor,0,1,0,"Medical, needs & hygiene",https://steamcommunity.com/sharedfiles/filedetails/?id=3283745385
Wander Joiner Plus,2177016016,ogliss.wanderjoinsplus,1,0,0,Gameplay tweaks,https://steamcommunity.com/sharedfiles/filedetails/?id=2177016016
War Crimes Expanded 2 Core (Updated),3032870787,mersid.wce2updated.core,0,1,0,Content & overhauls,https://steamcommunity.com/sharedfiles/filedetails/?id=3032870787
Warcasket weaponry hyperlinks,2819075870,d0b1k.warcaskethyperlinks,0,1,0,"Combat, weapons & raids",https://steamcommunity.com/sharedfiles/filedetails/?id=2819075870
Warcasket Workshop,3795300753,asunib.warcasketworkshop,0,0,1,"Combat, weapons & raids",https://steamcommunity.com/sharedfiles/filedetails/?id=3795300753
Warcaskets can haul!,2730543694,fluffytowels.warcaskethaulpatch,0,1,0,"Combat, weapons & raids",https://steamcommunity.com/sharedfiles/filedetails/?id=2730543694
We Are United,3030804445,sl4vp0wer.weareunited,1,0,0,Gameplay tweaks,https://steamcommunity.com/sharedfiles/filedetails/?id=3030804445
We Had a Trader? (Continued),1541408076,mlie.wehadatrader,1,0,0,"World, biomes, factions & travel",https://steamcommunity.com/sharedfiles/filedetails/?id=1541408076
WealthList 1.5 From VUIE,3246503293,wealthlist.ui.tmpfix,1,0,0,UI & information,https://steamcommunity.com/sharedfiles/filedetails/?id=3246503293
Whaleys Props,3523190580,whaley.whaleysprops,0,0,1,"Furniture, decor & props",https://steamcommunity.com/sharedfiles/filedetails/?id=3523190580
What's for sale?,3203277064,kikohi.whatsforsale,1,0,0,UI & information,https://steamcommunity.com/sharedfiles/filedetails/?id=3203277064
White Noise,3630774109,zarii.whitenoise,0,1,0,Audio & music,https://steamcommunity.com/sharedfiles/filedetails/?id=3630774109
Who shot my leg off?,3491552121,tixiv.whoshotmylegoff,1,0,0,Gameplay tweaks,https://steamcommunity.com/sharedfiles/filedetails/?id=3491552121
Who Updated,3731638172,Airiowo6181.whoupdated,1,0,0,Gameplay tweaks,https://steamcommunity.com/sharedfiles/filedetails/?id=3731638172
Who's Next? (Continued),3006402305,Mlie.WhosNext,1,0,0,UI & information,https://steamcommunity.com/sharedfiles/filedetails/?id=3006402305
Wider Marriage Spot,3358393642,inglix.widermarriagespot,1,0,0,Ideology & social,https://steamcommunity.com/sharedfiles/filedetails/?id=3358393642
"Wild Crops, a fork of Wild Spawn",3776658466,SomethingSomething.PlantsAndStuff,1,0,0,Gameplay tweaks,https://steamcommunity.com/sharedfiles/filedetails/?id=3776658466
Wing's Hats for Mechanoids,3547284056,winggar.hatsformechanoids,0,0,1,"Apparel, styles & cosmetics",https://steamcommunity.com/sharedfiles/filedetails/?id=3547284056
Winter Taiga Biome 2,3666855302,reel.wintertaigabiome2,0,1,0,"World, biomes, factions & travel",https://steamcommunity.com/sharedfiles/filedetails/?id=3666855302
Wololoo - Better Conversion and Recruitment,3108763487,redmattis.betterconversion,1,0,0,Ideology & social,https://steamcommunity.com/sharedfiles/filedetails/?id=3108763487
Won Hair Men Retextured,3132223302,Neronix17.Retexture.WonHairMen,0,0,1,"Hair, bodies & animations",https://steamcommunity.com/sharedfiles/filedetails/?id=3132223302
Won Hair Women Retextured,3132223639,Neronix17.Retexture.WonHairWomen,0,0,1,"Hair, bodies & animations",https://steamcommunity.com/sharedfiles/filedetails/?id=3132223639
Won hair_men,1879950403,won.hair,0,0,1,"Hair, bodies & animations",https://steamcommunity.com/sharedfiles/filedetails/?id=1879950403
Won hair_women,1886150617,won2.hair,0,0,1,"Hair, bodies & animations",https://steamcommunity.com/sharedfiles/filedetails/?id=1886150617
Work Box Highlight,3654677201,nuff.workboxhighlight,1,0,0,Gameplay tweaks,https://steamcommunity.com/sharedfiles/filedetails/?id=3654677201
Work History,3727287885,lebek.workhistory,1,0,0,Gameplay tweaks,https://steamcommunity.com/sharedfiles/filedetails/?id=3727287885
Worksites Expanded,3687071198,godsfathermixtape.worksitesexpanded,1,0,0,"Building, production & storage",https://steamcommunity.com/sharedfiles/filedetails/?id=3687071198
World Map Enhanced (Continued),3599967849,zal.worldmapenhanced,1,0,0,"World, biomes, factions & travel",https://steamcommunity.com/sharedfiles/filedetails/?id=3599967849
World Tech Level,3414187030,m00nl1ght.worldtechlevel,1,0,0,"Research, storytellers & progression",https://steamcommunity.com/sharedfiles/filedetails/?id=3414187030
Worldbuilder,3522102833,ferny.worldbuilder,1,0,0,Performance & tools,https://steamcommunity.com/sharedfiles/filedetails/?id=3522102833
Writhing Tree,3678181731,Romyashi.WrithingTree,0,1,0,Gameplay tweaks,https://steamcommunity.com/sharedfiles/filedetails/?id=3678181731
WVC - Work Modes,2888380373,wvc.sergkart.biotech.moremechanoidsworkmodes,1,0,0,Gameplay tweaks,https://steamcommunity.com/sharedfiles/filedetails/?id=2888380373
Xenotype Pawn Preview,3725418207,karda.xenopawnpreview,1,0,0,"Genes, xenotypes & races",https://steamcommunity.com/sharedfiles/filedetails/?id=3725418207
Xenotype Summary,3710012135,Zhuma.XenotypeSummary,1,0,0,"Genes, xenotypes & races",https://steamcommunity.com/sharedfiles/filedetails/?id=3710012135
XML Extensions,2574315206,imranfish.xmlextensions,1,0,0,Frameworks & libraries,https://steamcommunity.com/sharedfiles/filedetails/?id=2574315206
Yaoma Storytellers - Deathless Daji,3370165682,zal.deathlessdaji,0,1,0,"Research, storytellers & progression",https://steamcommunity.com/sharedfiles/filedetails/?id=3370165682
Yaoma Storytellers - Farseer Fan,3448319470,zal.farseerfan,0,1,0,"Research, storytellers & progression",https://steamcommunity.com/sharedfiles/filedetails/?id=3448319470
Yaoma Storytellers - Jianghu Jin,3403972335,zal.jianghujin,0,1,0,"Research, storytellers & progression",https://steamcommunity.com/sharedfiles/filedetails/?id=3403972335
Yayo's Animation (Continued),2877292196,com.yayo.yayoani.continued,0,0,1,"Hair, bodies & animations",https://steamcommunity.com/sharedfiles/filedetails/?id=2877292196
Yayo's Caravan (Continued),2886919774,mlie.yayoscaravan,0,0,1,"World, biomes, factions & travel",https://steamcommunity.com/sharedfiles/filedetails/?id=2886919774
"You Drive, I Sleep",3324430833,spacemoth.youdriveisleep,1,0,0,Gameplay tweaks,https://steamcommunity.com/sharedfiles/filedetails/?id=3324430833
Z.O.N.E.R. style pack,3293128701,stuntcrab.zonerstyle,0,0,1,"Apparel, styles & cosmetics",https://steamcommunity.com/sharedfiles/filedetails/?id=3293128701
Zealot Specialist ,3751234791,SierraOnline.Zealot,0,1,0,Gameplay tweaks,https://steamcommunity.com/sharedfiles/filedetails/?id=3751234791
zone dryads,3543801460,rustysandusky.zonedryads,1,0,0,Animals,https://steamcommunity.com/sharedfiles/filedetails/?id=3543801460
Zone To Schedule,2436086611,mlie.zonetoschedule,1,0,0,Quality of life,https://steamcommunity.com/sharedfiles/filedetails/?id=2436086611
哥特式吸血鬼家具--死眠棺材床 Gothicstyle Vampire Furniture--CoffinBedCanBeDeathRest,3261636943,xxk.coffinbedcanbedeathrest,0,0,1,"Furniture, decor & props",https://steamcommunity.com/sharedfiles/filedetails/?id=3261636943
更好的开发者模式/BetterDevMode,3744475229,zhule.betterdevmode,1,0,0,Performance & tools,https://steamcommunity.com/sharedfiles/filedetails/?id=3744475229
